ticker,trade_date,alpha,vol_pred,regime,y_ret_k
300086.SZ,2024-06-06,-0.024040267564718474,0.06256628030301015,1,0.033802817
300189.SZ,2024-06-06,-0.033477704518795975,0.06364309137296204,1,0.044444444
300236.SZ,2024-06-06,-0.0010349903349432166,0.05283123235094646,2,0.015792798
300086.SZ,2024-06-07,-0.012308901142014805,0.06297826469187484,0,-0.002724796
300189.SZ,2024-06-07,-0.015504657714009159,0.08303101529726072,0,0.0
300236.SZ,2024-06-07,-0.015601255156069992,0.051189409930654295,2,0.0789801
300086.SZ,2024-06-11,-0.003128607945460743,0.06275994081038444,1,0.030054645
300189.SZ,2024-06-11,0.00244850135883172,0.0841236956606891,1,0.021276596
300236.SZ,2024-06-11,0.0034575616730668653,0.050823777028927916,0,-0.014409222
300086.SZ,2024-06-12,-0.014947086369662728,0.06294697505612605,1,-0.021220159
300189.SZ,2024-06-12,0.0020818255816852553,0.0808668388397061,1,-0.03125
300236.SZ,2024-06-12,0.010089780226411537,0.07583941103949127,0,-0.005555556
300086.SZ,2024-06-13,-0.0003504544895044265,0.06466652631495749,1,0.0
300189.SZ,2024-06-13,0.0015701269871810592,0.0812885841311125,1,0.0
300236.SZ,2024-06-13,-0.005084718370480817,0.07059533886235661,0,-0.003822405
300086.SZ,2024-06-14,-0.013687633392209448,0.06294697505612605,1,-0.01897019
300189.SZ,2024-06-14,-0.011512428799195831,0.08293712318403212,1,-0.02688172
300236.SZ,2024-06-14,0.005659558235077703,0.06425876365257661,0,0.013282172
300086.SZ,2024-06-17,0.0027208893299006287,0.06334278655416441,1,0.013812155
300189.SZ,2024-06-17,0.005113926491834712,0.0810538730854477,1,0.016574586
300236.SZ,2024-06-17,0.0025646752729386354,0.06337204742559557,0,-0.016894844
300086.SZ,2024-06-18,-0.01266239768769468,0.06318168610179085,1,0.002724796
300189.SZ,2024-06-18,-0.011169991032554243,0.0810538730854477,1,-0.010869565
300236.SZ,2024-06-18,0.005834972645121585,0.06288658484028531,0,-0.00237037
300086.SZ,2024-06-19,0.0032055648563420465,0.05866515080459865,1,-0.032608696
300189.SZ,2024-06-19,0.004736796688676639,0.0810538730854477,1,-0.017362637
300236.SZ,2024-06-19,-0.012741889022938498,0.06244182905667964,0,-0.01989902
300086.SZ,2024-06-20,-0.010744719142853054,0.05904961024702905,1,0.008426966
300189.SZ,2024-06-20,-0.0011129343345845652,0.0810538730854477,1,0.023261015
300236.SZ,2024-06-20,0.0021166882854422512,0.06168320802153676,0,-0.003333333
300086.SZ,2024-06-21,-0.025380421834425952,0.060709501355556625,1,-0.033871866
300189.SZ,2024-06-21,-0.011461395434087902,0.08293712318403212,1,-0.02273224
300236.SZ,2024-06-21,0.0015255946229945992,0.06535731013726137,0,-0.044086348
300086.SZ,2024-06-24,-0.009014809170465385,0.059025411163084004,1,0.0
300189.SZ,2024-06-24,-0.007520850839517228,0.08057359476053418,1,0.0
300236.SZ,2024-06-24,0.017389981010516156,0.07048193815585463,0,-0.039440204
300086.SZ,2024-06-25,-0.023470722359982578,0.06386958481378716,1,0.035059393
300189.SZ,2024-06-25,-0.02176826703015044,0.08084665578710945,1,0.0
300236.SZ,2024-06-25,0.009087357164932152,0.06973554975015421,0,0.032781457
300086.SZ,2024-06-26,-0.009571364076958114,0.06225190623309418,1,-0.019498607
300189.SZ,2024-06-26,-0.011292306704066302,0.08117145507923597,1,0.023261015
300236.SZ,2024-06-26,0.006685970691704216,0.06604389094742583,0,-0.021481244
300086.SZ,2024-06-27,-0.014160321555140139,0.06656670275288604,1,-0.002840909
300189.SZ,2024-06-27,-0.009875923265195069,0.07953477739571843,1,-0.021857923
300236.SZ,2024-06-27,0.012902249818290404,0.07072579958222214,2,0.012778506
300086.SZ,2024-06-28,-0.017422098267241403,0.06515372504623977,1,0.014245014
300189.SZ,2024-06-28,-0.009181673680295956,0.07959001729638998,0,0.111731844
300236.SZ,2024-06-28,0.0035373542695148344,0.06498719844591638,2,0.018440634
300086.SZ,2024-07-01,-0.011459900039520781,0.0648247073693078,1,0.039325843
300189.SZ,2024-07-01,-0.014440486414678877,0.07959001729638998,1,0.120603015
300236.SZ,2024-07-01,0.0133684747969458,0.06586140906015375,2,-0.007306226
300086.SZ,2024-07-02,-0.00549223737079363,0.06284551799406174,1,0.021621622
300189.SZ,2024-07-02,0.005851008256786522,0.08944559152503603,0,-0.035874439
300236.SZ,2024-07-02,0.020261489394433382,0.06863849347199609,0,0.00608
300086.SZ,2024-07-03,-0.011627789714899016,0.0628137233684486,1,-0.052910053
300189.SZ,2024-07-03,-0.0002504323043097792,0.0951543057491808,0,0.009302326
300236.SZ,2024-07-03,0.004754087891789671,0.060910363987407,2,-0.026081425
300086.SZ,2024-07-04,-0.006866808366042677,0.06378285532151524,0,0.061452514
300189.SZ,2024-07-04,0.0012975432256696511,0.09754545661032529,0,-0.073732719
300236.SZ,2024-07-04,0.013886517516677525,0.06232242146884201,2,-0.002286088
300086.SZ,2024-07-05,-0.0016827467820120154,0.07263228683504075,1,-0.047368421
300189.SZ,2024-07-05,0.0014230069148046867,0.09754545661032529,0,-0.074626866
300236.SZ,2024-07-05,0.003597428328485702,0.06341590274231985,0,-0.015057283
300086.SZ,2024-07-08,-0.001612446116441294,0.07426055846194313,0,-0.022099448
300189.SZ,2024-07-08,0.0022175840799377984,0.09754545661032529,0,-0.005376344
300236.SZ,2024-07-08,0.010376027703445334,0.06088118677849612,1,0.053506148
300086.SZ,2024-07-09,-0.0002701088236347072,0.07795564039859385,1,-0.020225989
300189.SZ,2024-07-09,-0.00912125718553414,0.09754545661032529,0,-0.033297297
300236.SZ,2024-07-09,0.007199635328324583,0.06132007822580873,1,-0.003470032
300086.SZ,2024-07-10,-0.007546810688438179,0.08106101037026603,1,0.035059393
300189.SZ,2024-07-10,-0.005673472315710323,0.09754545661032529,0,0.095951689
300236.SZ,2024-07-10,0.02010122007784249,0.05136653828701626,0,0.022475467
300086.SZ,2024-07-11,-0.012734314624872851,0.07201647296907433,1,0.005571031
300189.SZ,2024-07-11,-0.013645439697658357,0.09754545661032529,1,0.005102041
300236.SZ,2024-07-11,0.003672682374723956,0.051197609412088285,1,0.001547988
300086.SZ,2024-07-12,0.006292239346992846,0.07220773947652223,1,-0.024930748
300189.SZ,2024-07-12,-0.008525988655629948,0.09754545661032529,0,-0.040609137
300236.SZ,2024-07-12,0.016672783052165414,0.052433853885764936,2,-0.004636785
300086.SZ,2024-07-15,0.001113741383618861,0.07192134093094708,1,-0.008522727
300189.SZ,2024-07-15,-0.009115598717611296,0.09754545661032529,0,0.005291005
300236.SZ,2024-07-15,0.030169887737324735,0.05364794116224622,2,-0.007763975
300086.SZ,2024-07-16,-0.005513605206175543,0.0705298312043408,1,0.005730659
300189.SZ,2024-07-16,-0.0028984203033282875,0.09754545661032529,1,0.026315789
300236.SZ,2024-07-16,0.019453953163668047,0.055605165050440705,2,-0.01971831
300086.SZ,2024-07-17,-0.013496030267289039,0.06925034660170042,1,-0.002849003
300189.SZ,2024-07-17,0.007208676116651572,0.09754545661032529,1,0.020512821
300236.SZ,2024-07-17,0.008703512227121889,0.05498398189645262,2,0.038633461
300086.SZ,2024-07-18,0.0011164543257445347,0.0694850750811083,1,-0.008571429
300189.SZ,2024-07-18,0.004806895294797959,0.0975149979194034,1,-0.025125628
300236.SZ,2024-07-18,-0.01609863058275042,0.04825499836368026,2,0.004611128
300086.SZ,2024-07-19,-0.004046609733789701,0.06553029170377048,1,0.014409222
300189.SZ,2024-07-19,-0.0017124102199533202,0.09703724798674832,0,-0.015463918
300236.SZ,2024-07-19,0.007460182112152453,0.05036572375798003,0,0.00244798
300086.SZ,2024-07-22,-0.029877717826381586,0.06457909296584699,1,-0.011363636
300189.SZ,2024-07-22,-0.01311390363940607,0.09754545661032529,1,-0.020942408
300236.SZ,2024-07-22,-0.005885367975773828,0.04871693189974467,2,-0.040903541
300086.SZ,2024-07-23,-0.010650933169630256,0.06397686264312118,2,-0.003333333
300189.SZ,2024-07-23,-0.01906875476073114,0.09694886458584247,1,-0.032085561
300236.SZ,2024-07-23,-0.0025164081270489065,0.05072518939022226,2,-0.014640356
300086.SZ,2024-07-24,-0.03313026901810065,0.06383909759673626,2,0.0
300189.SZ,2024-07-24,-0.011632439794713813,0.09754545661032529,1,0.0
300236.SZ,2024-07-24,-0.0008393163518899103,0.05459244082022138,2,0.005813953
300086.SZ,2024-07-25,-0.041042518135787506,0.058897957060725106,2,0.000461308
300189.SZ,2024-07-25,-0.013672985521808043,0.09607749347283458,1,0.016574586
300236.SZ,2024-07-25,-0.002783663151125218,0.050147254675397684,2,0.007707129
300086.SZ,2024-07-26,-0.029180665741400567,0.059051339357504784,2,0.005763689
300189.SZ,2024-07-26,-1.514197498799695e-05,0.09217640423819615,1,0.005434783
300236.SZ,2024-07-26,-0.0012107250135851297,0.05186076581477016,2,0.000637349
300086.SZ,2024-07-29,-0.02481324482588835,0.061279807434660896,2,0.014326648
300189.SZ,2024-07-29,-0.00042732484794963876,0.09278426667082725,1,0.032432432
300236.SZ,2024-07-29,-0.010099558471489007,0.05228436044177398,2,0.024840764
300086.SZ,2024-07-30,-0.0213484695025804,0.061279807434660896,2,0.031073446
300189.SZ,2024-07-30,0.0015035502133307404,0.08837910193061761,1,0.020942408
300236.SZ,2024-07-30,-0.006262881693945401,0.05228436044177398,2,0.015848353
300086.SZ,2024-07-31,-0.022827508225634865,0.05829595742528711,2,0.008219178
300189.SZ,2024-07-31,0.007070726898889825,0.08678592979711489,1,-0.005128205
300236.SZ,2024-07-31,0.0095159149210677,0.055167278129884895,2,-0.003976751
300086.SZ,2024-08-01,-0.021254632198341356,0.06137204532617975,2,0.019021739
300189.SZ,2024-08-01,0.006213127084611863,0.08551849021184606,2,0.0
300236.SZ,2024-08-01,0.010288278386368676,0.047783805427354054,2,-0.020577396
300086.SZ,2024-08-02,-0.02623118031248497,0.05989350620956084,2,-0.024
300189.SZ,2024-08-02,-0.0017931909012573796,0.08170837287106003,2,-0.015463918
300236.SZ,2024-08-02,-0.011403176551966217,0.051936816060423927,2,-0.039197241
300086.SZ,2024-08-05,-0.027880134921565096,0.06097014831477046,0,0.051912568
300189.SZ,2024-08-05,-0.0022746424170490814,0.0734198868346381,2,0.073298429
300236.SZ,2024-08-05,-0.008163695812662344,0.05180813145590782,2,0.010117493
300086.SZ,2024-08-06,-0.020489423711454933,0.06188393021279151,2,-0.012987013
300189.SZ,2024-08-06,-0.012647736437069042,0.06851578263810462,2,-0.043902439
300236.SZ,2024-08-06,0.002506257055013492,0.05709065588441348,2,-0.002907916
300086.SZ,2024-08-07,0.00308810142214845,0.06416364422882988,0,0.028947368
300189.SZ,2024-08-07,0.000296410222600725,0.07579756783141844,0,0.198979592
300236.SZ,2024-08-07,0.013131240670384011,0.0517324527741547,2,0.001944264
300086.SZ,2024-08-08,-0.00891725288479175,0.0643643192361743,2,-0.025575448
300189.SZ,2024-08-08,0.0023142687186107906,0.07686939677285842,2,-0.012765957
300236.SZ,2024-08-08,-4.038035317393854e-05,0.048970714443416136,2,-0.008085382
300086.SZ,2024-08-09,0.01166208603406508,0.0649067542831837,0,0.036745407
300189.SZ,2024-08-09,0.015690196271292603,0.09754545661032529,0,-0.051724138
300236.SZ,2024-08-09,0.011337805459850078,0.04888198218297217,2,-0.009129442
300086.SZ,2024-08-12,-0.001386909808579427,0.06220234583239166,0,-0.007594937
300189.SZ,2024-08-12,0.01572248385801041,0.09228931232984418,0,-0.013636364
300236.SZ,2024-08-12,-0.0013254651727398702,0.04908622502870198,2,0.010858835
300086.SZ,2024-08-13,-0.002001050920700035,0.06462530711879894,0,-0.010204082
300189.SZ,2024-08-13,0.01319016687408731,0.08957025348964444,0,0.00921659
300236.SZ,2024-08-13,-0.0027668576334727666,0.051578382830731004,1,-0.010091146
300086.SZ,2024-08-14,-0.007661083153143296,0.06500886547599675,0,0.0
300189.SZ,2024-08-14,0.011018856737962823,0.08924753805537378,0,0.02739726
300236.SZ,2024-08-14,0.003160718520290092,0.05087595681424237,1,0.011509372
300086.SZ,2024-08-15,-0.01572796521290102,0.060949902527846336,1,0.028350515
300189.SZ,2024-08-15,0.01697304281430549,0.08924753805537378,0,-0.053333333
300236.SZ,2024-08-15,-0.00404368735264025,0.05214872056162537,1,0.000325098
300086.SZ,2024-08-16,-0.01344758816929199,0.06025194521812194,1,-0.035087719
300189.SZ,2024-08-16,0.011653372062434109,0.09085774802613555,0,0.037558685
300236.SZ,2024-08-16,0.0049640516942910055,0.056089288464202997,1,0.008124797
300086.SZ,2024-08-19,0.013961118301225803,0.0632579323074899,0,-0.018181818
300189.SZ,2024-08-19,0.00196295408345508,0.0867699654820788,0,-0.045248869
300236.SZ,2024-08-19,-0.005828801481281511,0.05219762046623988,1,-0.009348807
300086.SZ,2024-08-20,-0.00026508132313694187,0.059607767950696514,0,-0.018518519
300189.SZ,2024-08-20,0.01618646721273553,0.08806449414213936,0,-0.009478673
300236.SZ,2024-08-20,-0.008970440176643822,0.054096559078285825,1,-0.005206638
300086.SZ,2024-08-21,0.00010477606856587222,0.06311084841391972,1,-0.010781671
300189.SZ,2024-08-21,0.0016697275418282762,0.08397671159808262,0,-0.043062201
300236.SZ,2024-08-21,-0.02659792512499816,0.05433127012395063,1,-0.024206739
300086.SZ,2024-08-22,-0.012956689979774345,0.05980204908254265,1,-0.013623978
300189.SZ,2024-08-22,-0.000440742083018192,0.08844919365389527,1,-0.015
300236.SZ,2024-08-22,-0.02103990158731075,0.05433127012395063,1,0.005363728
300086.SZ,2024-08-23,0.00018370459053078017,0.059397277494021294,1,0.022099448
300189.SZ,2024-08-23,-0.0009187751489111158,0.08649777884235826,0,0.040609137
300236.SZ,2024-08-23,-0.021202393679568464,0.05445485183647168,1,-0.004668223
300086.SZ,2024-08-26,-0.01664793248980792,0.060244681246977586,2,-0.010810811
300189.SZ,2024-08-26,-0.00605876233892744,0.087386218250829,2,-0.024390244
300236.SZ,2024-08-26,-0.007887590346654563,0.05663571000786258,1,-0.064321608
300086.SZ,2024-08-27,0.010479505282525517,0.06186351927845862,2,0.010928962
300189.SZ,2024-08-27,0.008586500898448873,0.08224345959046463,0,0.005
300236.SZ,2024-08-27,-0.02295192581602409,0.05663571000786258,1,0.017901898
300086.SZ,2024-08-28,-0.0071251208791102685,0.06257922703203246,2,0.005405405
300189.SZ,2024-08-28,0.0002812149585774319,0.08463906461969753,2,0.004975124
300236.SZ,2024-08-28,-0.027801308831931448,0.056424272387514435,0,0.013366163
300086.SZ,2024-08-29,0.008590812576228953,0.05799488448727037,2,0.010752688
300189.SZ,2024-08-29,0.00749596198873657,0.08811651232534816,2,0.03960396
300236.SZ,2024-08-29,-0.010212882334077647,0.0563856360554901,1,0.022561611
300086.SZ,2024-08-30,0.005345145782568253,0.05915331115030713,2,-0.010638298
300189.SZ,2024-08-30,-0.005877551274534888,0.08643332974572092,2,0.004761905
300236.SZ,2024-08-30,-0.008008942836850878,0.05756300647997545,1,-0.021384929
300086.SZ,2024-09-02,0.00291705974940734,0.060352955146548704,2,-0.002688172
300189.SZ,2024-09-02,0.006649116407344057,0.07745354287929505,2,0.037914692
300236.SZ,2024-09-02,0.0037701351584897764,0.05763144992865013,1,0.001387444
300086.SZ,2024-09-03,-0.01966087769735619,0.05790617248021507,2,-0.010781671
300189.SZ,2024-09-03,-0.0008556939916765543,0.07501844271309159,2,-0.00456621
300236.SZ,2024-09-03,-0.0028960021573941246,0.05770077152636037,1,0.008313128
300086.SZ,2024-09-04,-0.0061219630001713935,0.059378661798820495,2,0.021798365
300189.SZ,2024-09-04,0.012314783167765457,0.07135024698340167,2,-0.004587156
300236.SZ,2024-09-04,0.010349206443705513,0.05654673650786367,1,0.001030574
300086.SZ,2024-09-05,-0.023451767997278165,0.05959695882385545,2,0.112
300189.SZ,2024-09-05,0.006115880106294869,0.07063966295041854,2,-0.013824885
300236.SZ,2024-09-05,0.008117077173782503,0.05792178696859403,1,-0.019560741
300086.SZ,2024-09-06,-0.0006780172942657112,0.059362247778190644,2,-0.043165468
300189.SZ,2024-09-06,0.0014918716697260017,0.048815397833768134,2,0.018691589
300236.SZ,2024-09-06,-0.0004893249865401879,0.05661003055818163,1,-0.006300315
300086.SZ,2024-09-09,-0.0007662910470584174,0.08118496148656001,0,-0.022556391
300189.SZ,2024-09-09,-0.009071968986723062,0.05227995451275044,2,-0.02293578
300236.SZ,2024-09-09,-0.012668730109481779,0.05637531951251683,1,0.019725255
300086.SZ,2024-09-10,0.007740920468857806,0.08352168214394694,0,0.01025641
300189.SZ,2024-09-10,0.002428527042747934,0.05247905048465501,2,-0.028169014
300236.SZ,2024-09-10,-0.011819132967796063,0.05654673650786367,1,-0.000690846
300086.SZ,2024-09-11,0.010574610869569748,0.08352168214394694,0,0.200507614
300189.SZ,2024-09-11,-0.012649001753247215,0.053634456805238345,2,0.033816425
300236.SZ,2024-09-11,-0.008339244833373722,0.058399193775209676,1,-0.01417214
300086.SZ,2024-09-12,0.018831090257762455,0.08352168214394694,0,-0.099365751
300189.SZ,2024-09-12,-0.013509778605926403,0.05617102338039261,2,0.0
300236.SZ,2024-09-12,-0.011244057561907536,0.057375876315007734,1,-0.015077139
300086.SZ,2024-09-13,0.0048187697980532915,0.08378788722137492,0,-0.103286385
300189.SZ,2024-09-13,0.015394618713821992,0.05219523209252659,2,-0.042056075
300236.SZ,2024-09-13,-0.02233387175598986,0.05714116526934293,1,0.007119972
300086.SZ,2024-09-18,0.003326729930802732,0.08378788722137492,0,0.02617801
300189.SZ,2024-09-18,0.0014485946718105123,0.05562807605385735,2,0.058536585
300236.SZ,2024-09-18,-0.021711814996618162,0.056595350534982755,1,-0.01689643
300086.SZ,2024-09-19,0.0029161564344998715,0.08378788722137492,0,-0.025510204
300189.SZ,2024-09-19,-0.0019272490083738943,0.05590991646735495,2,-0.00921659
300236.SZ,2024-09-19,-0.00604362778235434,0.05860159813000844,1,0.0
300086.SZ,2024-09-20,0.013212194118758576,0.08378788722137492,0,-0.013089005
300189.SZ,2024-09-20,0.005862198176249722,0.052490203328081214,2,-0.009302326
300236.SZ,2024-09-20,-0.01976720111768165,0.06498943159574902,0,0.0
300086.SZ,2024-09-23,-0.004447605629569903,0.07959041794102463,0,0.026525199
300189.SZ,2024-09-23,-0.0106760961382006,0.05596928158496797,2,0.03286385
300236.SZ,2024-09-23,-0.0002608951396447865,0.0682223236944806,1,0.000287646
300086.SZ,2024-09-24,0.009331957231583018,0.11535006230869087,0,0.025839793
300189.SZ,2024-09-24,0.012572066291486527,0.05947573445918348,2,0.018181818
300236.SZ,2024-09-24,0.01908395735792474,0.05927119351610491,1,-0.000287563
300086.SZ,2024-09-25,0.007682846536631036,0.11535006230869087,0,0.027707809
300189.SZ,2024-09-25,0.005063634522916972,0.05944333735256354,2,0.026785714
300236.SZ,2024-09-25,0.013721202986664465,0.07161579708594905,1,0.045951388
300086.SZ,2024-09-26,-0.0045328510655885555,0.11535006230869087,0,0.058823529
300189.SZ,2024-09-26,-0.00770703562797895,0.05991879720231187,2,0.043478261
300236.SZ,2024-09-26,0.029663131119059123,0.0670440623182667,1,0.073221038
300086.SZ,2024-09-27,-0.004091714354759479,0.11535006230869087,0,0.143518519
300189.SZ,2024-09-27,-0.012732164779400503,0.058267342272604494,2,0.145833333
300236.SZ,2024-09-27,0.008957277273483513,0.05667642053428934,0,0.14445868
300086.SZ,2024-09-30,-0.014417609988985104,0.11535006230869087,0,0.127530364
300189.SZ,2024-09-30,-0.015045419245888089,0.05546105974947487,0,0.145454545
300236.SZ,2024-09-30,-0.0025464212271453534,0.08744264200774075,0,0.200111951
300086.SZ,2024-10-08,-0.01856866657757748,0.11535006230869087,0,-0.149012567
300189.SZ,2024-10-08,-0.01874579188865302,0.08285766310984138,0,-0.152380952
300236.SZ,2024-10-08,-0.03853042690141281,0.1048421197866969,0,-0.092817164
300086.SZ,2024-10-09,-0.02908652576385514,0.11535006230869087,0,0.021097046
300189.SZ,2024-10-09,-0.0172348252362383,0.08405172345334075,0,0.06741573
300236.SZ,2024-10-09,-0.02714350440697839,0.11121230469048471,0,-0.036246787
300086.SZ,2024-10-10,-0.02901488671431728,0.11535006230869087,0,-0.04338843
300189.SZ,2024-10-10,-0.023076294755460254,0.1004590782141874,0,-0.077192982
300236.SZ,2024-10-10,-0.030959724655764548,0.10983723955225243,0,-0.057615364
300086.SZ,2024-10-11,-0.02032714904665307,0.11535006230869087,0,0.019438445
300189.SZ,2024-10-11,-0.024486925236710075,0.10033527836421932,0,0.045627376
300236.SZ,2024-10-11,-0.008542428252059359,0.09666558093814935,0,0.030285876
300086.SZ,2024-10-14,0.006705137950461538,0.11535006230869087,0,-0.021186441
300189.SZ,2024-10-14,0.005199396792229401,0.10015502774858623,0,0.025454545
300236.SZ,2024-10-14,-0.010608549993747773,0.09666558093814935,0,-0.02032967
300086.SZ,2024-10-15,-0.0032093442351225974,0.11535006230869087,0,0.0
300189.SZ,2024-10-15,0.002755615177400737,0.10015502774858623,0,0.003546099
300236.SZ,2024-10-15,0.004943543895338641,0.0953968120595595,0,0.003084689
300086.SZ,2024-10-16,-0.0016039517469932764,0.11535006230869087,0,0.012987013
300189.SZ,2024-10-16,-0.008429079169379248,0.10015502774858623,0,-0.007067138
300236.SZ,2024-10-16,0.02063097780972797,0.0953968120595595,0,-0.00503215
300086.SZ,2024-10-17,-0.010732167786695154,0.11123672827326894,0,0.040598291
300189.SZ,2024-10-17,-0.008960552601761653,0.10029030727729402,0,0.010676157
300236.SZ,2024-10-17,0.009807151126717897,0.09552061190952756,0,0.077549874
300086.SZ,2024-10-18,-0.008399026873248751,0.10857086076964792,0,0.008213552
300189.SZ,2024-10-18,-0.01750297750073634,0.09657587891662564,0,0.031690141
300236.SZ,2024-10-18,-0.010270100369990072,0.09189681683399095,0,0.027640156
300086.SZ,2024-10-21,-0.0047206662401605174,0.1150898627216258,0,0.028513238
300189.SZ,2024-10-21,-0.010390408368508587,0.09959263246440073,0,0.078498294
300236.SZ,2024-10-21,-0.022281851928361927,0.09633790276169332,0,-0.017000761
300086.SZ,2024-10-22,0.003172731032462807,0.1131350019573869,0,-0.005940594
300189.SZ,2024-10-22,-0.01480053053151821,0.0997770668907294,0,0.006329114
300236.SZ,2024-10-22,-0.0020488958294500484,0.09552061190952756,0,-0.01600413
300086.SZ,2024-10-23,0.0005432593727390636,0.11336527091970627,0,-0.003984064
300189.SZ,2024-10-23,0.005927985865098054,0.10025645094353597,0,-0.053459119
300236.SZ,2024-10-23,-0.013560515364594784,0.0953639631330418,0,-0.002623295
300086.SZ,2024-10-24,0.0038907254711039807,0.10032362253297233,0,0.03
300189.SZ,2024-10-24,-0.013045863801099863,0.09928963321533477,0,0.009966777
300236.SZ,2024-10-24,0.011739026817196236,0.09262717018234115,0,0.014992109
300086.SZ,2024-10-25,-0.010121497878931575,0.09248672471142205,0,0.046601942
300189.SZ,2024-10-25,-0.02418442941824119,0.09546905034631506,0,0.075657895
300236.SZ,2024-10-25,0.001836069052920598,0.0897504792025114,0,-0.006478362
300086.SZ,2024-10-28,-0.007409956165149564,0.09740102499647982,0,-0.042671614
300189.SZ,2024-10-28,-0.008978690704931394,0.09508539969099297,0,-0.048929664
300236.SZ,2024-10-28,-0.004158500571908874,0.08630288467276846,0,-0.023735003
300086.SZ,2024-10-29,0.0019080243527177503,0.0975055827014038,0,-0.019379845
300189.SZ,2024-10-29,-0.002884488439713866,0.09508263320855678,0,0.022508039
300236.SZ,2024-10-29,-2.922183472595574e-05,0.08638736170685168,0,0.026716538
300086.SZ,2024-10-30,0.0059618062483468934,0.09696035402991124,0,0.017786561
300189.SZ,2024-10-30,-0.027688687192233663,0.09430616176625847,0,0.031446541
300236.SZ,2024-10-30,-0.00906307978076581,0.0932519179349206,0,0.022118137
300086.SZ,2024-10-31,0.009001290836789935,0.09679487555913918,0,-0.050485437
300189.SZ,2024-10-31,-0.020161019879823744,0.09675515781561145,0,-0.012195122
300236.SZ,2024-10-31,-0.005399589299384054,0.0940998644079431,0,-0.049643585
300086.SZ,2024-11-01,-0.002233353236830091,0.09292260227828747,2,0.016359918
300189.SZ,2024-11-01,-0.0075215881342992705,0.09661987828690366,0,-0.037037037
300236.SZ,2024-11-01,-0.015406277149165603,0.09396458487923531,0,0.047147067
300086.SZ,2024-11-04,-0.009393455516228858,0.09551850163540027,0,0.084507042
300189.SZ,2024-11-04,-0.0005999935998540888,0.09743716913906944,0,0.054487179
300236.SZ,2024-11-04,-0.016807797768834266,0.0922694765722271,0,0.023791251
300086.SZ,2024-11-05,-0.007894829032293058,0.0903151338668332,2,0.009276438
300189.SZ,2024-11-05,3.743599035543356e-05,0.08516693985256155,0,0.200607903
300236.SZ,2024-11-05,-0.007930289953092216,0.0926169460455011,0,0.001749125
300086.SZ,2024-11-06,0.0013060126467341283,0.09733282445067329,0,0.038602941
300189.SZ,2024-11-06,-0.015960850879146955,0.07846727159304938,0,0.091139241
300236.SZ,2024-11-06,-0.009178431051376851,0.07616836552254261,0,0.016961836
300086.SZ,2024-11-07,0.009121345918355861,0.08107044222629409,0,-0.030088496
300189.SZ,2024-11-07,-0.010349761715313375,0.0813945727179835,0,-0.067285383
300236.SZ,2024-11-07,-0.013347401412685499,0.071576112051133,0,0.010792249
300086.SZ,2024-11-08,-0.0099204825682651,0.08262504030953605,0,0.001824818
300189.SZ,2024-11-08,-0.012601015044326607,0.08232653092331921,0,-0.024875622
300236.SZ,2024-11-08,-0.019484989602806875,0.07168677793489248,0,0.08080563
300086.SZ,2024-11-11,-0.0056704991092960825,0.08125487665262277,0,-0.005464481
300189.SZ,2024-11-11,-0.018854649109024416,0.08141289051504702,0,-0.030612245
300236.SZ,2024-11-11,-0.02909624020266736,0.06273251272866423,0,-0.015267176
300086.SZ,2024-11-12,-0.008821190464973767,0.07940202835998598,0,-0.018315018
300189.SZ,2024-11-12,-0.013167375722564031,0.07820319427540809,0,0.007894737
300236.SZ,2024-11-12,-0.021736141671965404,0.07144980204476242,0,0.029867761
300086.SZ,2024-11-13,-0.019734436860403874,0.08084585640928697,0,-0.037313433
300189.SZ,2024-11-13,0.008744534541263824,0.07779349112305842,0,-0.067885117
300236.SZ,2024-11-13,-0.01576192368044261,0.07030954915399373,0,-0.071064866
300086.SZ,2024-11-14,-0.006525591388288693,0.07793674447860831,0,-0.025193798
300189.SZ,2024-11-14,0.002131684487461791,0.07903723129566237,0,-0.044817927
300236.SZ,2024-11-14,-0.03002534699438637,0.07055549456646099,0,-0.053145853
300086.SZ,2024-11-15,-0.013652256060010607,0.07738594414873387,2,-0.023856859
300189.SZ,2024-11-15,-0.0052943071786335305,0.07850045112432912,0,-0.041055718
300236.SZ,2024-11-15,-0.011433520595889398,0.07532118162278664,0,-0.027183489
300086.SZ,2024-11-18,-0.009241083081122113,0.07717595403942813,2,0.022403259
300189.SZ,2024-11-18,0.002721683856268286,0.07550414319785118,0,0.03058104
300236.SZ,2024-11-18,-0.021020322425331132,0.07452472112247255,0,0.037774903
300086.SZ,2024-11-19,-0.0012218183514383454,0.0777516432905563,2,0.029880478
300189.SZ,2024-11-19,0.007312720608975912,0.07772924677197729,0,0.059347181
300236.SZ,2024-11-19,-0.009730678717427197,0.07097539674755517,0,-0.00797806
300086.SZ,2024-11-20,-0.007435513179506431,0.07728327592387685,2,0.003868472
300189.SZ,2024-11-20,0.0001439864546218242,0.07721928615498229,2,0.016806723
300236.SZ,2024-11-20,-0.007180803451674263,0.07207143795838139,2,-0.010555416
300086.SZ,2024-11-21,-0.018520733796972586,0.07786842117522738,2,-0.038535645
300189.SZ,2024-11-21,0.0032224646527664875,0.0831790448607728,0,-0.013774105
300236.SZ,2024-11-21,-0.009665102661999948,0.07140462069743475,2,-0.045720091
300086.SZ,2024-11-22,-0.001956137831276297,0.0787071544489373,2,0.022044088
300189.SZ,2024-11-22,0.0010969524465428105,0.08139896759515047,0,0.019553073
300236.SZ,2024-11-22,-0.013627786938058195,0.07302306844959683,2,0.028214001
300086.SZ,2024-11-25,-0.017480242369154395,0.07871320050657743,2,0.015686275
300189.SZ,2024-11-25,0.0019245625636092967,0.08045458287960197,0,0.008219178
300236.SZ,2024-11-25,-0.010014612006697518,0.07390516145187377,0,-0.008283717
300086.SZ,2024-11-26,-0.006976951785502742,0.07646151231735174,2,0.005791506
300189.SZ,2024-11-26,0.0021425835709411867,0.07818679996778975,0,0.016304348
300236.SZ,2024-11-26,-0.003377100552934282,0.07366537976438939,2,0.020621248
300086.SZ,2024-11-27,-0.00565116041508087,0.07651285018607623,2,0.040307102
300189.SZ,2024-11-27,0.008821653860812528,0.0775817105753755,0,0.06684492
300236.SZ,2024-11-27,-0.011200091005486294,0.07418920440328997,2,-0.019948849
300086.SZ,2024-11-28,0.007254303220316313,0.0759653638659236,2,-0.007380074
300189.SZ,2024-11-28,0.002239170076419621,0.07719246640781119,0,0.035087719
300236.SZ,2024-11-28,0.0044847883802813385,0.07666644745487174,2,0.016701461
300086.SZ,2024-11-29,-0.0030464809065300323,0.07482033487643469,0,0.200743494
300189.SZ,2024-11-29,-0.0009773543631451409,0.07787784721864165,0,0.200968523
300236.SZ,2024-11-29,-0.009809643509570686,0.07538902381721836,2,0.011550308
300086.SZ,2024-12-02,-0.007133603152622421,0.07541775301179714,2,0.00619195
300189.SZ,2024-12-02,0.002124995963390548,0.07721393527614599,0,-0.076612903
300236.SZ,2024-12-02,-0.012878636454267362,0.07217242086939597,2,0.020806902
300086.SZ,2024-12-03,-0.011261574272299605,0.09688446689545357,0,-0.115384615
300189.SZ,2024-12-03,-0.016488572521314238,0.09798566775326747,0,-0.058951965
300236.SZ,2024-12-03,-0.009159359650068505,0.07049458348083021,2,0.01367139
300086.SZ,2024-12-04,-0.006702336026116965,0.09506912355209957,0,0.012173913
300189.SZ,2024-12-04,-0.018455188554517533,0.0973557060985446,0,0.018561485
300236.SZ,2024-12-04,0.008795957107689552,0.07158108560195843,2,-0.013487003
300086.SZ,2024-12-05,0.008490605840906211,0.09547654292820851,0,0.027491409
300189.SZ,2024-12-05,0.014287488856452193,0.08250059932796674,0,0.034168565
300236.SZ,2024-12-05,0.0029219042898470733,0.07234809120119567,2,-0.008202834
300086.SZ,2024-12-06,0.012839701680246096,0.09585094084860646,0,-0.006688963
300189.SZ,2024-12-06,0.0006383962158536744,0.07826959040306261,0,-0.024229075
300236.SZ,2024-12-06,-0.007956217699936482,0.06756902954628163,2,-0.023558897
300086.SZ,2024-12-09,-0.002443342183363259,0.09458665345676151,0,-0.006734007
300189.SZ,2024-12-09,-0.005441927979847807,0.07826959040306261,0,0.015801354
300236.SZ,2024-12-09,-0.0118200582400428,0.06773986338333482,2,0.008983573
300086.SZ,2024-12-10,-0.02054564962756348,0.09205071253123713,0,0.03220339
300189.SZ,2024-12-10,-0.001880001522011471,0.0771736213671244,0,0.017777778
300236.SZ,2024-12-10,-0.008771038939605442,0.061708070212084895,2,0.025947596
300086.SZ,2024-12-11,-0.016096804048051548,0.09314560127636104,0,0.018062397
300189.SZ,2024-12-11,-0.006847295341224646,0.07752664399002444,0,0.03930131
300236.SZ,2024-12-11,-0.010316418691473529,0.06242880531060127,2,-0.012397719
300086.SZ,2024-12-12,-0.024136494394876758,0.09355720424649766,0,-0.019354839
300189.SZ,2024-12-12,-0.012993636684381962,0.07643175524490053,0,-0.021008403
300236.SZ,2024-12-12,0.0016007373952802275,0.05931882879601956,2,-0.0228471
300086.SZ,2024-12-13,-0.0258770598533879,0.09313100195067907,0,-0.004934211
300189.SZ,2024-12-13,-0.018737509388052718,0.07955171660787813,0,0.051502146
300236.SZ,2024-12-13,-0.010872151166596034,0.0555454928812216,2,-0.016957862
300086.SZ,2024-12-16,-0.02399991178038429,0.09530482797949355,0,-0.066115702
300189.SZ,2024-12-16,-0.017590307730710655,0.07879695016995035,0,-0.006122449
300236.SZ,2024-12-16,-0.026491732683995864,0.05287249669816757,2,-0.011761631
300086.SZ,2024-12-17,-0.01913796590435813,0.09135238429916495,0,-0.017699115
300189.SZ,2024-12-17,-0.012294102027263986,0.0743019804250924,0,-0.028747433
300236.SZ,2024-12-17,-0.01471385338801443,0.05082268068813707,2,0.012959535
300086.SZ,2024-12-18,-0.015689379158397684,0.09182595122505732,0,-0.009009009
300189.SZ,2024-12-18,0.006498533142601229,0.07438187055178119,0,-0.10782241
300236.SZ,2024-12-18,-0.03114316938808566,0.05036049299205672,2,0.010704961
300086.SZ,2024-12-19,0.0028965347501215175,0.09088803153206756,2,0.018181818
300189.SZ,2024-12-19,-0.008013445326463978,0.07324269159912036,0,0.016587678
300236.SZ,2024-12-19,-0.009741312507632315,0.05042679420291998,2,0.025058125
300086.SZ,2024-12-20,-0.0013998217753998625,0.08987431461337037,2,-0.082142857
300189.SZ,2024-12-20,-0.005119088800690698,0.07672394786767359,0,-0.114219114
300236.SZ,2024-12-20,-0.019139966349595538,0.04694614817323978,2,-0.022177419
300086.SZ,2024-12-23,0.00024572561991563637,0.09120915259957565,2,-0.007782101
300189.SZ,2024-12-23,-0.0003253841438949749,0.07674371563296609,2,-0.028947368
300236.SZ,2024-12-23,-0.013896859858794143,0.046184306771927724,2,0.012113402
300086.SZ,2024-12-24,0.005964666615945913,0.0964003439248978,0,-0.035294118
300189.SZ,2024-12-24,0.00883944794468327,0.07968990153669409,0,-0.059620596
300236.SZ,2024-12-24,-0.01549096530418794,0.04359853710016881,2,-0.010695187
300086.SZ,2024-12-25,-0.0001387566891748733,0.09325544384011425,2,0.00203252
300189.SZ,2024-12-25,0.005179958096011665,0.08095175590152442,2,0.005763689
300236.SZ,2024-12-25,-0.015429889013691123,0.043569619846611465,2,0.014671815
300086.SZ,2024-12-26,0.006558533292303653,0.09399453626497,2,0.044624746
300189.SZ,2024-12-26,0.0009031502644215941,0.08379563826166461,2,0.163323782
300236.SZ,2024-12-26,-0.02406214811352499,0.04295505128625633,2,-0.009893455
300086.SZ,2024-12-27,0.0026135794235147263,0.09148525362554588,2,-0.029126214
300189.SZ,2024-12-27,0.002438376650769944,0.07883479509511943,2,-0.04679803
300236.SZ,2024-12-27,-0.018902399125982943,0.04335711216513649,2,-0.008967461
300086.SZ,2024-12-30,0.008421280366158647,0.09566355458019082,2,-0.02
300189.SZ,2024-12-30,0.006872483206264809,0.09503969788352418,0,0.015503876
300236.SZ,2024-12-30,-0.018876610604314108,0.04388885983181312,2,-0.040847983
300086.SZ,2024-12-31,-0.003555124612887571,0.07810718757407137,2,-0.012244898
300189.SZ,2024-12-31,-0.007730736198859463,0.07552038856373444,2,-0.015267176
300236.SZ,2024-12-31,-0.02684172181171201,0.04324905645794458,2,-0.041778976
300086.SZ,2025-01-02,-0.02173109252150231,0.07783752751667239,2,-0.047520661
300189.SZ,2025-01-02,0.004816660149660894,0.07813236383139907,2,-0.080103359
300236.SZ,2025-01-02,-0.015211070465894387,0.04629424408030512,2,-0.013220816
300086.SZ,2025-01-03,-0.017368821197092293,0.0762203979311348,2,0.04989154
300189.SZ,2025-01-03,-0.0056638787864216255,0.07911467113293899,2,-0.036516854
300236.SZ,2025-01-03,-0.007091369557279332,0.04552207830148912,2,-0.014253136
300086.SZ,2025-01-06,-0.009323835317112394,0.07565701928724052,2,-0.018595041
300189.SZ,2025-01-06,-0.008123671612448797,0.08086557126847166,2,0.064139942
300236.SZ,2025-01-06,-0.0091897206590094,0.04884044320085548,2,0.019375361
300086.SZ,2025-01-07,-0.0012471241160643472,0.074786426818702,0,0.008421053
300189.SZ,2025-01-07,0.0052434172955860845,0.08097099973009056,2,-0.008219178
300236.SZ,2025-01-07,0.0027265864265063307,0.0484309461019784,2,-0.015319149
300086.SZ,2025-01-08,-0.020456140637042337,0.07377946264665133,2,-0.012526096
300189.SZ,2025-01-08,-0.007939336456152784,0.08211322329187107,2,0.019337017
300236.SZ,2025-01-08,0.009831026012526875,0.04660860088860211,2,0.005185825
300086.SZ,2025-01-09,-0.009158407668727145,0.07525508560656581,2,-0.042283298
300189.SZ,2025-01-09,-0.02030412278722503,0.07861551096123963,2,-0.008130081
300236.SZ,2025-01-09,0.004906829579803156,0.04892627056227307,2,-0.016050444
300086.SZ,2025-01-10,-0.015924389440392116,0.06764873126287703,2,0.0
300189.SZ,2025-01-10,-0.018994115364164583,0.07857773524704835,2,-0.016393443
300236.SZ,2025-01-10,-0.001825766515314362,0.047344250652851555,2,0.016603554
300086.SZ,2025-01-13,-0.01389230508537635,0.06829685946183321,2,0.055187638
300189.SZ,2025-01-13,-0.01868982933801394,0.07713888076685653,2,0.061111111
300236.SZ,2025-01-13,-0.001821962167406724,0.049092583898409245,2,0.038968481
300086.SZ,2025-01-14,-0.004051956165538649,0.06804792589831962,2,-0.008368201
300189.SZ,2025-01-14,-0.01894112494765224,0.07418286313584849,2,0.015706806
300236.SZ,2025-01-14,0.0030729311046249733,0.04950866069827549,2,-0.009100938
300086.SZ,2025-01-15,0.011543583903373077,0.07535301956150067,1,0.008438819
300189.SZ,2025-01-15,0.010924844923831875,0.12088276087468679,1,0.010309278
300236.SZ,2025-01-15,0.015854826392109438,0.061667650634041817,1,0.000834957
300086.SZ,2025-01-16,0.0051761230465051985,0.0685027643354792,1,-0.016736402
300189.SZ,2025-01-16,0.008796704250514126,0.11204484638901388,1,-0.020408163
300236.SZ,2025-01-16,0.008237463843764854,0.06170830384260251,1,0.021412681
300086.SZ,2025-01-17,0.005759826358449412,0.06581876959927464,1,0.019148936
300189.SZ,2025-01-17,0.005668462191594347,0.09956413121477785,1,-0.018229167
300236.SZ,2025-01-17,0.005298555704340926,0.06163697595465178,1,-0.000544514
300086.SZ,2025-01-20,-0.004755356564573732,0.0649051678404607,1,-0.029227557
300189.SZ,2025-01-20,0.008302273154177755,0.09347219106040702,1,-0.045092838
300236.SZ,2025-01-20,0.01680949902899623,0.06224095217956494,1,0.008444566
300086.SZ,2025-01-21,0.005998375273371048,0.06518082125365134,1,-0.019354839
300189.SZ,2025-01-21,0.006830870822647377,0.0931641070601407,1,0.008333333
300236.SZ,2025-01-21,0.006795230078005366,0.05758349562764039,1,-0.006753106
300086.SZ,2025-01-22,0.01120049683865419,0.06120414037340142,1,0.002192982
300189.SZ,2025-01-22,0.0023342223166508535,0.08735638822644631,1,0.0
300236.SZ,2025-01-22,0.0036639495363830544,0.05626539343293126,1,-0.008158825
300086.SZ,2025-01-23,0.002328989927370997,0.060397338932115956,1,-0.010940919
300189.SZ,2025-01-23,0.0020404012448363893,0.07775079281693492,1,-0.008264463
300236.SZ,2025-01-23,-0.002969763885007198,0.05555641938001818,1,0.01480669
300086.SZ,2025-01-24,0.012956254899485481,0.05875199265315354,1,-0.004424779
300189.SZ,2025-01-24,0.005535075761072832,0.0793159945517547,1,0.005555556
300236.SZ,2025-01-24,0.005793542951124408,0.05665089955196348,1,-0.017562821
300086.SZ,2025-01-27,0.013679107897911233,0.0588039930360087,1,0.035555556
300189.SZ,2025-01-27,-0.0028592910249316426,0.0778322255433517,1,0.046961326
300236.SZ,2025-01-27,0.007979381256279509,0.055419616245627905,1,0.012926293
300086.SZ,2025-02-05,0.0061917859950844124,0.058117185458295605,1,0.008583691
300189.SZ,2025-02-05,-0.002143237713082529,0.0677206295777005,1,0.018469657
300236.SZ,2025-02-05,-0.01051707852017823,0.05572758722121366,1,0.024708118
300086.SZ,2025-02-06,0.013603154106109629,0.05804651907333486,1,0.027659574
300189.SZ,2025-02-06,0.013793893555620978,0.06968611952934614,1,0.005181347
300236.SZ,2025-02-06,-0.014024687104219826,0.0556401512564664,1,-0.001059883
300086.SZ,2025-02-07,0.00836418788694288,0.059900306414203595,1,0.035196687
300189.SZ,2025-02-07,0.010277725407956084,0.06817991392091413,1,0.012886598
300236.SZ,2025-02-07,-0.020421910196818077,0.05750715385200611,1,-0.000530504
300086.SZ,2025-02-10,0.015140114029438387,0.06027464400467503,1,-0.018
300189.SZ,2025-02-10,0.006262844426953502,0.06806562202673491,1,-0.012722646
300236.SZ,2025-02-10,-0.014911968297108896,0.05396269664778301,1,-0.010084926
300086.SZ,2025-02-11,0.030641207851581843,0.05891764990872373,1,0.00203666
300189.SZ,2025-02-11,0.008271385444768417,0.06851377004228687,1,0.005154639
300236.SZ,2025-02-11,-0.011830073434736578,0.053077865206370145,1,0.016621984
300086.SZ,2025-02-12,0.01632424753205986,0.05847750934618998,1,-0.00203252
300189.SZ,2025-02-12,0.01194027197932289,0.06834532994205464,1,0.017948718
300236.SZ,2025-02-12,-0.00937027986315963,0.05273485255043536,1,-0.021360759
300086.SZ,2025-02-13,0.0001254421482520044,0.05792618542775152,1,0.00814664
300189.SZ,2025-02-13,0.00821289396189941,0.06834532994205464,1,0.007556675
300236.SZ,2025-02-13,-0.0074697154639373495,0.05328694112492428,1,-0.002425222
300086.SZ,2025-02-14,-0.0018068916032394845,0.05622075170683189,1,0.018181818
300189.SZ,2025-02-14,-0.00017527028368836294,0.0708947484939969,1,0.07
300236.SZ,2025-02-14,5.451046365396138e-05,0.053324137052280424,1,-0.007833603
300086.SZ,2025-02-17,-0.010728512423439699,0.05588455183455414,1,-0.043650794
300189.SZ,2025-02-17,-0.001199894874822781,0.06952924752440892,1,-0.037383178
300236.SZ,2025-02-17,-0.017643026416069265,0.05206259471250044,1,-0.017968963
300086.SZ,2025-02-18,-0.013683055335831255,0.057383906386151394,1,0.008298755
300189.SZ,2025-02-18,0.028534892158058774,0.06963497185909713,1,0.014563107
300236.SZ,2025-02-18,-0.02394155262011389,0.05443809015882186,1,0.026060438
300086.SZ,2025-02-19,0.0007478337340872713,0.05577035374447417,1,0.008230453
300189.SZ,2025-02-19,-0.0012770813832468277,0.06962302016059582,1,0.014354067
300236.SZ,2025-02-19,-0.0075041642266465555,0.055829159479717186,1,0.004052959
300086.SZ,2025-02-20,-0.008137712538936775,0.05549403417026792,1,-0.006122449
300189.SZ,2025-02-20,-0.0031933300464003535,0.06579780970836271,1,0.023584906
300236.SZ,2025-02-20,-0.02018910004246141,0.05574509228582439,1,0.021259419
300086.SZ,2025-02-21,-0.009786429909784823,0.05634614335962087,1,0.014373717
300189.SZ,2025-02-21,-0.011956688530223115,0.06902399598091782,1,0.016129032
300236.SZ,2025-02-21,-0.018556138111542282,0.05443910553648166,1,0.002371542
300086.SZ,2025-02-24,-0.008597359289235771,0.05695020883257612,1,-0.004048583
300189.SZ,2025-02-24,-0.006074270871790679,0.07100637645720347,1,-0.065759637
300236.SZ,2025-02-24,-0.015726940497107295,0.05558301961443216,1,0.007360673
300086.SZ,2025-02-25,-0.011906381228694298,0.05857127816721556,1,0.010162602
300189.SZ,2025-02-25,0.018716727969855504,0.06928621478966404,2,-0.024271845
300236.SZ,2025-02-25,-0.007700723573828607,0.05496877984815421,1,0.012787056
300086.SZ,2025-02-26,-0.02074104079471842,0.05788803319593947,1,0.018108652
300189.SZ,2025-02-26,-0.018881694907060008,0.06915077323428973,1,0.027363184
300236.SZ,2025-02-26,-0.001348277582942762,0.053402544185622486,1,-0.010048956
300086.SZ,2025-02-27,-0.010250898047723932,0.05749371942325962,1,-0.013833992
300189.SZ,2025-02-27,0.0036473123772078667,0.06917186213081461,1,-0.060532688
300236.SZ,2025-02-27,0.01624068762076171,0.05236907304689889,1,-0.045288912
300086.SZ,2025-02-28,-0.009793674450943262,0.05790005693519705,1,-0.014028056
300189.SZ,2025-02-28,0.004421311495707187,0.0691296312673226,1,0.038659794
300236.SZ,2025-02-28,0.0011711884720097252,0.05389297803044007,1,-0.006815703
300086.SZ,2025-03-03,-0.013863036424479358,0.05696778850435661,1,0.010162602
300189.SZ,2025-03-03,-0.0015877839580909386,0.06899918065849628,1,0.00248139
300236.SZ,2025-03-03,-0.026342710665010646,0.05569322626736209,1,0.025528411
300086.SZ,2025-03-04,-0.009143698121466622,0.05955642978235471,1,-0.016096579
300189.SZ,2025-03-04,0.014412534133801362,0.06896680386277962,1,-0.012376238
300236.SZ,2025-03-04,-0.00405168549138155,0.056096875189088846,1,0.024357602
300086.SZ,2025-03-05,-0.01836867335471515,0.05823453963714537,1,0.014314928
300189.SZ,2025-03-05,0.01969048135400653,0.06675405967949861,1,0.002506266
300236.SZ,2025-03-05,-0.016243573609593293,0.050470055570825165,1,0.002613013
300086.SZ,2025-03-06,-0.009889082449090869,0.058182977258086285,1,-0.026209677
300189.SZ,2025-03-06,0.018537632178489565,0.06605358103981956,1,-0.025
300236.SZ,2025-03-06,0.006005758615156585,0.051841193252526285,1,-0.020328382
300086.SZ,2025-03-07,-0.0008630260380161914,0.05807350090552497,1,0.014492754
300189.SZ,2025-03-07,0.018261539125887537,0.06624023974768235,1,0.0
300236.SZ,2025-03-07,-0.0010422763969420814,0.05264376138288163,1,0.000532056
300086.SZ,2025-03-10,0.0047011256004192625,0.05888763711586663,1,0.0
300189.SZ,2025-03-10,0.0215062595239315,0.06605358103981956,1,0.025641026
300236.SZ,2025-03-10,-0.0072653332895120755,0.05458745987762414,1,-0.014889657
300086.SZ,2025-03-11,-0.0033164818012171946,0.05820471370035915,1,0.0
300189.SZ,2025-03-11,0.0168214646619514,0.06540038260756609,1,-0.02
300236.SZ,2025-03-11,-0.0019659589085992456,0.05541193547958398,1,-0.010526316
300086.SZ,2025-03-12,-0.009780202898109807,0.05814346652776359,1,-0.010204082
300189.SZ,2025-03-12,0.020327749189897798,0.06738880228517921,1,-0.017857143
300236.SZ,2025-03-12,-0.0007175629925591877,0.055036654521551195,1,-0.025095472
300086.SZ,2025-03-13,-0.01065780550686583,0.05814346652776359,1,0.2
300189.SZ,2025-03-13,0.017720771730483,0.06540038260756609,1,0.015584416
300236.SZ,2025-03-13,-0.004022493897925686,0.05611330194983119,1,0.024342473
300086.SZ,2025-03-14,-0.0050431064169994665,0.05887441077274796,1,-0.058419244
300189.SZ,2025-03-14,0.013950251455518294,0.06675271434332017,1,0.028132992
300236.SZ,2025-03-14,0.0068966668557442785,0.053858302262086044,1,-0.001365747
300086.SZ,2025-03-17,-0.002242476053721242,0.06765337568113652,2,-0.020072993
300189.SZ,2025-03-17,0.0023829377937828384,0.06704277222883076,1,-0.012437811
300236.SZ,2025-03-17,-0.0012766646040794766,0.058946569339685305,1,0.002461707
300086.SZ,2025-03-18,-0.001329023610032966,0.06529749026374562,2,-0.013035382
300189.SZ,2025-03-18,0.0010671436368012322,0.06767968780847179,1,-0.022670025
300236.SZ,2025-03-18,-0.0045723044157222285,0.05834663920260518,1,-0.014461119
300086.SZ,2025-03-19,0.013857304280969365,0.06721115898077587,1,-0.011320755
300189.SZ,2025-03-19,-0.002044241639736875,0.06670019018737992,1,-0.012886598
300236.SZ,2025-03-19,-0.0038389536327657478,0.058506430694670354,1,-0.003045404
300086.SZ,2025-03-20,-0.0027899154824160984,0.06586818391313926,1,-0.007633588
300189.SZ,2025-03-20,-0.0023059266652902693,0.06670019018737992,1,-0.023498695
300236.SZ,2025-03-20,-0.0023258425487297724,0.05868750304757941,1,-0.016939739
300086.SZ,2025-03-21,0.006567499378963802,0.06676432920659728,1,-0.026923077
300189.SZ,2025-03-21,-0.017095567481245764,0.06640841093959654,1,-0.032085561
300236.SZ,2025-03-21,-0.007603346979999375,0.058670287089683394,1,-0.006214689
300086.SZ,2025-03-24,0.00013205026375506015,0.0662017887337141,1,0.015810277
300189.SZ,2025-03-24,-0.015375995772252264,0.06638384911389415,1,-0.008287293
300236.SZ,2025-03-24,-0.014597473062565865,0.05755069929705433,1,-0.002842524
300086.SZ,2025-03-25,0.020703207296192776,0.06412295889935073,1,-0.005836576
300189.SZ,2025-03-25,-0.006243381553618686,0.06467551400200298,1,0.005571031
300236.SZ,2025-03-25,-0.013655155253631125,0.057937047706102716,1,-0.000855188
300086.SZ,2025-03-26,0.01121945824797756,0.06652408675330268,1,0.019569472
300189.SZ,2025-03-26,-0.006775616957688366,0.06592982503927156,1,-0.022160665
300236.SZ,2025-03-26,-0.009787267134576302,0.05801241380859317,1,0.041369472
300086.SZ,2025-03-27,0.0026323188308688223,0.06696292125319717,1,-0.038387716
300189.SZ,2025-03-27,-0.0037825217546673807,0.06633810503846754,1,-0.019830028
300236.SZ,2025-03-27,-0.016645123505765008,0.0574699389882918,1,-0.014246575
300086.SZ,2025-03-28,0.021375150450444184,0.06531995843122686,1,-0.02994012
300189.SZ,2025-03-28,-0.0014662081893685789,0.0660747414977804,1,-0.014450867
300236.SZ,2025-03-28,0.03156971021248623,0.05906840099873174,1,-0.023902168
300086.SZ,2025-03-31,0.014676289224207932,0.08309028487539982,1,0.053497942
300189.SZ,2025-03-31,0.0024895546862680378,0.06593628203478014,1,0.014662757
300236.SZ,2025-03-31,0.013932093830351423,0.05722966529151428,1,0.016799544
300086.SZ,2025-04-01,0.01214170362003816,0.08556480915567323,1,0.0
300189.SZ,2025-04-01,-0.0010326317281459797,0.0657928342718335,1,-0.011560694
300236.SZ,2025-04-01,0.009654402281338775,0.05696267821799623,1,-0.001960235
300086.SZ,2025-04-02,0.03610764174465616,0.08476089576984987,1,0.0078125
300189.SZ,2025-04-02,-0.009624027366229235,0.06567015430677361,1,0.049707602
300236.SZ,2025-04-02,0.0028553469715123106,0.055301893386407834,1,-0.009259259
300086.SZ,2025-04-03,0.019496090321591053,0.08891596966980035,1,-0.182170543
300189.SZ,2025-04-03,-0.004905505011879055,0.06586112056363252,1,0.200557103
300236.SZ,2025-04-03,-0.0058549090785857795,0.056093355786472544,1,-0.13508921
300086.SZ,2025-04-07,0.01724712085120412,0.0887649848671159,1,0.033175355
300189.SZ,2025-04-07,0.009712098873544711,0.06751758013076492,1,0.199535963
300236.SZ,2025-04-07,-0.008465475520423236,0.05782420193497563,1,0.059266536
300086.SZ,2025-04-08,0.013198365680718622,0.08793606343429268,2,0.016055046
300189.SZ,2025-04-08,0.030418141469454457,0.07256620936622421,2,0.096711799
300236.SZ,2025-04-08,0.02797018630329299,0.06430573954758494,2,0.061514683
300086.SZ,2025-04-09,0.011436393389256604,0.09240844210311934,1,0.063205418
300189.SZ,2025-04-09,0.0015889240773599251,0.08111325788594748,2,-0.012345679
300236.SZ,2025-04-09,0.04204828802922928,0.06687710315454024,0,0.000291206
300086.SZ,2025-04-10,0.016746566205405756,0.09270551909875945,2,-0.012738854
300189.SZ,2025-04-10,-0.03529247506953252,0.09294694131726919,2,-0.130357143
300236.SZ,2025-04-10,0.04289314805425978,0.07023563242181086,0,0.036098981
300086.SZ,2025-04-11,0.05478506786893325,0.0954631955328251,2,0.122580645
300189.SZ,2025-04-11,-0.03585289260491993,0.109709027695893,2,0.039014374
300236.SZ,2025-04-11,0.042015042435919775,0.0699816529914819,0,-0.004495645
300086.SZ,2025-04-14,0.029762319594192024,0.09790901892881418,1,-0.055555556
300189.SZ,2025-04-14,-0.03143571778375117,0.1254126030766976,2,-0.04743083
300236.SZ,2025-04-14,0.043978010907424196,0.07003019283820955,0,0.00084674
300086.SZ,2025-04-15,0.020038476606763132,0.09080735399903483,2,-0.032454361
300189.SZ,2025-04-15,-0.0271498396273975,0.1254126030766976,2,-0.058091286
300236.SZ,2025-04-15,0.039570404317694936,0.0687463570956664,0,-0.004230118
300086.SZ,2025-04-16,0.014692372462014476,0.09547484838056702,2,-0.002096436
300189.SZ,2025-04-16,0.006102607954622834,0.1254126030766976,2,-0.037444934
300236.SZ,2025-04-16,0.020849130850025464,0.0774568836853044,0,0.01585953
300086.SZ,2025-04-17,0.048776225695570156,0.08325338454411765,1,-0.021008403
300189.SZ,2025-04-17,-0.00027104040976531544,0.1254126030766976,2,-0.04805492
300236.SZ,2025-04-17,0.01950108763053774,0.08280847690801746,0,0.003624198
300086.SZ,2025-04-18,0.02785435963786744,0.07456918475561175,1,0.02360515
300189.SZ,2025-04-18,0.034433294083924725,0.1254126030766976,2,0.021634615
300236.SZ,2025-04-18,0.048402995971363036,0.07740834002327465,0,0.039166667
300086.SZ,2025-04-21,0.03332266302622481,0.08485258929463677,1,-0.006289308
300189.SZ,2025-04-21,0.03352197983435282,0.1254126030766976,2,0.075294118
300236.SZ,2025-04-21,0.038775668922501796,0.07947011984072692,0,0.016840417
300086.SZ,2025-04-22,0.023326282392819798,0.09506723465173535,1,-0.010548523
300189.SZ,2025-04-22,0.02722559695192926,0.12121725424064957,2,-0.078774617
300236.SZ,2025-04-22,0.03490335920870167,0.0850714568105728,0,-0.01340694
300086.SZ,2025-04-23,0.021764103112424146,0.09920034556516065,1,-0.008528785
300189.SZ,2025-04-23,0.04353026285979252,0.12507749003774907,2,-0.047505938
300236.SZ,2025-04-23,0.012127324520366736,0.09158243327308682,0,-0.001865175
300086.SZ,2025-04-24,0.019601098847565796,0.09928758039669228,1,-0.006451613
300189.SZ,2025-04-24,0.024868564648152004,0.1254126030766976,2,-0.032418953
300236.SZ,2025-04-24,-0.001320327943977456,0.09171586757959765,0,0.00373732
300086.SZ,2025-04-25,0.016589747209604794,0.10079452731724217,1,-0.041125541
300189.SZ,2025-04-25,0.019436689891691467,0.1254126030766976,2,0.010309278
300236.SZ,2025-04-25,0.01299953649710681,0.09317686571774442,0,-0.014893617
300086.SZ,2025-04-28,0.01748307104849081,0.10052640561607329,1,0.036117381
300189.SZ,2025-04-28,0.016553776875918278,0.1254126030766976,2,0.00255102
300236.SZ,2025-04-28,-0.0026366592733814715,0.09593061689692364,0,0.0
300086.SZ,2025-04-29,0.012265099522325728,0.10551872952856316,1,0.013071895
300189.SZ,2025-04-29,0.0035551449664734023,0.1254126030766976,2,0.005089059
300236.SZ,2025-04-29,-0.002204262966202318,0.09396529122086489,0,0.006479482
300086.SZ,2025-04-30,0.014938046955386714,0.10548096273472697,1,0.030107527
300189.SZ,2025-04-30,0.007608209141688538,0.1254126030766976,1,0.040506329
300236.SZ,2025-04-30,-0.0019652832565675475,0.09338267674226824,0,0.026824034
300086.SZ,2025-05-06,0.009398532667780218,0.10253759601934355,1,0.002087683
300189.SZ,2025-05-06,0.006471623696991614,0.12366273519575385,1,0.085158151
300236.SZ,2025-05-06,0.002667460544806644,0.0931525002116865,0,-0.003918495
300086.SZ,2025-05-07,0.009345034704897177,0.099931419698089,1,0.020833333
300189.SZ,2025-05-07,0.01164125722031379,0.1230565907292239,1,-0.01793722
300236.SZ,2025-05-07,0.001084891006670669,0.09414203878967048,1,-0.016260163
300086.SZ,2025-05-08,0.007750771693391512,0.09351012277841331,1,-0.010204082
300189.SZ,2025-05-08,0.04633793379520648,0.1254126030766976,2,-0.00913242
300236.SZ,2025-05-08,-0.015069271747990188,0.09203241635771484,0,-0.029858704
300086.SZ,2025-05-09,0.004574572971609932,0.07904651520027893,1,0.006185567
300189.SZ,2025-05-09,0.011621241166473555,0.11595147664343217,2,-0.025345622
300236.SZ,2025-05-09,-0.0020067787504007666,0.0710184503094013,1,0.006595218
300086.SZ,2025-05-12,0.012140462384565289,0.07596380082955495,1,-0.00204918
300189.SZ,2025-05-12,0.0013299283041602265,0.09658680984352307,2,-0.011820331
300236.SZ,2025-05-12,0.0010717051599712529,0.06562767111867943,1,-0.007917008
300086.SZ,2025-05-13,0.010688488952028556,0.07612307144004461,1,-0.002053388
300189.SZ,2025-05-13,-0.008061763164861773,0.08295172373834199,1,0.023923445
300236.SZ,2025-05-13,0.003088052200773351,0.05538492450617612,1,0.001100715
300086.SZ,2025-05-14,0.014072488781229924,0.07445547411432868,1,0.010288066
300189.SZ,2025-05-14,-0.00862126635813539,0.06765706327667596,1,0.035046729
300236.SZ,2025-05-14,-0.00042392780848880774,0.05002346569397212,1,-0.025563496
300086.SZ,2025-05-15,0.006208895184464056,0.07328390833261013,1,0.020366599
300189.SZ,2025-05-15,-0.007900859127390625,0.06031371316293142,1,-0.042889391
300236.SZ,2025-05-15,-0.0006915597050031535,0.047779635378352295,1,0.004795487
300086.SZ,2025-05-16,0.010537888943868864,0.06594984659662526,1,0.007984032
300189.SZ,2025-05-16,-0.005864316041768834,0.06461939914668402,1,0.009433962
300236.SZ,2025-05-16,-0.014842320369523813,0.04936502856088146,1,0.01207187
300086.SZ,2025-05-19,0.004147880983760891,0.06320816985049658,1,0.027722772
300189.SZ,2025-05-19,-0.00020102497326527458,0.0694484012990655,1,0.01635514
300236.SZ,2025-05-19,-0.005045455320919663,0.04650739289113853,1,0.019694868
300086.SZ,2025-05-20,0.004364848508940383,0.05915776237858408,1,0.009633911
300189.SZ,2025-05-20,-0.008776004993601231,0.06480398286899616,1,0.013793103
300236.SZ,2025-05-20,-0.007949342532613065,0.04994365021638315,1,-0.007616975
300086.SZ,2025-05-21,0.01476040142804992,0.059612138850964044,1,-0.026717557
300189.SZ,2025-05-21,-0.009407129159937732,0.06309156698549896,1,0.004535147
300236.SZ,2025-05-21,0.014364664949785166,0.05087276897715931,1,-0.018366228
300086.SZ,2025-05-22,-0.0033727499986729434,0.05602042728850308,1,-0.003921569
300189.SZ,2025-05-22,-0.009301081957561151,0.06178402651383212,1,-0.0496614
300236.SZ,2025-05-22,-0.013235720747195343,0.05065811723098555,1,-0.008377548
300086.SZ,2025-05-23,-0.0030822005743324295,0.05731270952683415,1,-0.007874016
300189.SZ,2025-05-23,-0.006990563218426155,0.06076156760072236,1,-0.004750594
300236.SZ,2025-05-23,-0.019272838460584155,0.054287705380468454,1,0.019994368
300086.SZ,2025-05-26,0.0009621922648234103,0.05891033955679764,1,0.013888889
300189.SZ,2025-05-26,-0.009935859728509888,0.05510729177010136,1,0.021479714
300236.SZ,2025-05-26,-0.01087666015342016,0.0530752527962857,1,-0.008006626
300086.SZ,2025-05-27,0.0015013099191615662,0.05910062827215572,1,-0.009784736
300189.SZ,2025-05-27,-0.008197386689988515,0.0577334334019864,1,-0.030373832
300236.SZ,2025-05-27,-0.004730506440686488,0.053034910288104566,1,-0.014750905
300086.SZ,2025-05-28,0.006666800146327963,0.06037101555698146,1,0.0256917
300189.SZ,2025-05-28,-0.007543329901782611,0.06119536886046374,1,0.007228916
300236.SZ,2025-05-28,-0.028958192713791558,0.051588456930955685,1,0.033333333
300086.SZ,2025-05-29,-0.0030960101135539494,0.059050639506374625,1,-0.009633911
300189.SZ,2025-05-29,-0.007617521329340892,0.0634754297575326,1,-0.004784689
300236.SZ,2025-05-29,-0.015583965185783382,0.05203081555705224,1,-0.003007108
300086.SZ,2025-05-30,-0.012968443370223794,0.06006185005754862,1,0.031128405
300189.SZ,2025-05-30,-0.009029339342528649,0.06505949717348392,1,0.016826923
300236.SZ,2025-05-30,0.0010204417037795583,0.05289750496231979,1,0.0
300086.SZ,2025-06-03,-0.010505227115176924,0.06220702103454838,1,0.003773585
300189.SZ,2025-06-03,0.00010124280211699857,0.06372209449198585,1,0.026004728
300236.SZ,2025-06-03,-0.010966715626225613,0.05233308852636249,1,-0.006032355
300086.SZ,2025-06-04,-0.003827824319275218,0.061833352889190826,1,-0.005639098
300189.SZ,2025-06-04,-0.008642552203989979,0.06346990132655107,1,-0.011520737
300236.SZ,2025-06-04,-0.010544010682052574,0.05392405922455729,1,0.00662069
300086.SZ,2025-06-05,-0.00413272133879454,0.06468340586832726,1,0.005671078
300189.SZ,2025-06-05,-0.005472631434674025,0.06488608128953877,1,0.011655012
300236.SZ,2025-06-05,-0.02122258253705952,0.05203397541068671,1,0.001370238
300086.SZ,2025-06-06,-0.00656852446064746,0.06279467268474309,1,0.020676692
300189.SZ,2025-06-06,-0.006882647071017311,0.06874067862489139,1,0.0
300236.SZ,2025-06-06,-0.0028100692050019777,0.05651486638711821,1,0.005747126
300086.SZ,2025-06-09,-0.0014400730719151505,0.06384220805650322,2,0.001841621
300189.SZ,2025-06-09,-0.010622762246735425,0.06795266185433817,1,0.082949309
300236.SZ,2025-06-09,0.003888959693187049,0.05521640517934033,1,-0.028843537
300086.SZ,2025-06-10,0.003568124141539508,0.0648712283764935,1,-0.009191176
300189.SZ,2025-06-10,-0.0069042668336006625,0.0672902727438958,1,-0.010638298
300236.SZ,2025-06-10,-0.007246605539676855,0.052645305442971656,1,0.008405716
300086.SZ,2025-06-11,0.0003494814063965797,0.067656205959772,2,0.003710575
300189.SZ,2025-06-11,0.03959860431034654,0.0643676722587958,2,-0.038709677
300236.SZ,2025-06-11,-0.007500091049077418,0.05365761755883271,1,-0.008057794
300086.SZ,2025-06-12,-0.0018857247296941658,0.061442110223292754,1,-0.033271719
300189.SZ,2025-06-12,0.009188647028110794,0.06073003842423298,2,-0.020134228
300236.SZ,2025-06-12,-0.01071183187023526,0.051974786784017776,1,-0.0232493
300086.SZ,2025-06-13,0.0008862172286237975,0.061506316938345726,1,0.011472275
300189.SZ,2025-06-13,-0.0051051102656723135,0.0598842216806665,1,0.00456621
300236.SZ,2025-06-13,-0.010212955652515298,0.051814043650992535,1,0.009463722
300086.SZ,2025-06-16,0.012358790643974372,0.06418711173566455,1,0.0
300189.SZ,2025-06-16,-0.008848717644606097,0.05911293065260384,2,0.022727273
300236.SZ,2025-06-16,-0.003411803599144719,0.053145739816034564,1,0.00625
300086.SZ,2025-06-17,-0.006166037643205536,0.06587045461337225,1,-0.005671078
300189.SZ,2025-06-17,-0.01014870763284551,0.05882104545031806,1,-0.015555556
300236.SZ,2025-06-17,-0.008995272444451882,0.051617948021170694,1,0.003952569
300086.SZ,2025-06-18,-0.0013538662129105414,0.07533879075618756,1,-0.036121673
300189.SZ,2025-06-18,-0.008287941431034038,0.05940368887964126,1,-0.054176072
300236.SZ,2025-06-18,-0.010865545910757834,0.051778832980754703,1,-0.007311586
300086.SZ,2025-06-19,0.008760079441306074,0.06910870147458524,2,-0.001972387
300189.SZ,2025-06-19,-0.013382925451676296,0.057027383689451594,2,0.009546539
300236.SZ,2025-06-19,-0.005130504302660323,0.052596851215852704,1,0.023229462
300086.SZ,2025-06-20,0.010047801708948626,0.06604640590340342,2,0.017786561
300189.SZ,2025-06-20,-0.003664077950249829,0.05973398412295937,0,0.021276596
300236.SZ,2025-06-20,-0.0032464997973074023,0.05305834458900512,1,0.030730897
300086.SZ,2025-06-23,-0.0025912542771579657,0.061377472760879806,1,0.025242718
300189.SZ,2025-06-23,-0.004855760968465369,0.05919992231811756,1,0.011574074
300236.SZ,2025-06-23,0.04130514105381615,0.055683095609108973,1,0.009669621
300086.SZ,2025-06-24,0.0035423408740037784,0.06126443581098591,1,0.0
300189.SZ,2025-06-24,-0.010777325276855217,0.05771172626377967,1,0.009153318
300236.SZ,2025-06-24,0.0254377046622989,0.05448750686753009,1,0.003458367
300086.SZ,2025-06-25,0.008747469541862783,0.06203342298409929,1,0.009469697
300189.SZ,2025-06-25,-0.006718293117492799,0.05689291614019712,1,0.009070295
300236.SZ,2025-06-25,0.005515610810262624,0.05098442059594717,1,-0.005567338
300086.SZ,2025-06-26,0.014604024328425657,0.060484315673486944,1,0.003752345
300189.SZ,2025-06-26,-0.015241697278665749,0.05611180948443076,1,-0.015730337
300236.SZ,2025-06-26,0.004880963608412645,0.052184980034446465,1,0.002132765
300086.SZ,2025-06-27,0.009128999695015443,0.06298930044224335,1,0.014953271
300189.SZ,2025-06-27,-0.010841393765688134,0.05548206250013968,1,0.00913242
300236.SZ,2025-06-27,0.005195258222258728,0.05392400467713138,1,0.032189412
300086.SZ,2025-06-30,0.005243454562967742,0.06063029314689762,1,0.009208103
300189.SZ,2025-06-30,-0.012418677871774716,0.054292690694291906,1,0.013574661
300236.SZ,2025-06-30,0.010130448013132546,0.05064534923966993,1,0.018556701
300086.SZ,2025-07-01,0.004049808068951746,0.06207995049224374,1,0.001824818
300189.SZ,2025-07-01,-0.009345982315183637,0.05354432979933045,1,0.020089286
300236.SZ,2025-07-01,0.018502187548072965,0.054596710433596846,2,-0.025303644
300086.SZ,2025-07-02,0.007972404544858997,0.06169006093830641,2,0.016393443
300189.SZ,2025-07-02,-0.011279529696144371,0.053942095599480724,1,0.002188184
300236.SZ,2025-07-02,-0.025455980427696635,0.056139681524282024,2,-0.005192108
300086.SZ,2025-07-03,-0.01164913429014225,0.05869698843416281,1,-0.005376344
300189.SZ,2025-07-03,-0.007433011160507325,0.05582716822033343,2,0.026200873
300236.SZ,2025-07-03,0.0141021710502411,0.06530118034709724,2,-0.012787056
300086.SZ,2025-07-04,-0.017411635105080776,0.06347802617986088,2,0.0
300189.SZ,2025-07-04,-0.01469747033479333,0.05601549132902692,1,0.019148936
300236.SZ,2025-07-04,-0.0038747759379098414,0.06544202778813406,2,0.008987576
300086.SZ,2025-07-07,-0.00994440325562925,0.062263120724432366,2,0.009009009
300189.SZ,2025-07-07,0.012662002249127882,0.060308851710986044,2,-0.006263048
300236.SZ,2025-07-07,0.01027915082133926,0.06510206137169366,2,0.014409222
300086.SZ,2025-07-08,-0.012864214039358108,0.06106304241339444,2,-0.007142857
300189.SZ,2025-07-08,-0.01351365537105465,0.05928576675125238,2,-0.029411765
300236.SZ,2025-07-08,0.002771574654543974,0.06786968189058794,2,-0.008780992
300086.SZ,2025-07-09,-0.007686809934523668,0.06068482070659474,2,0.008992806
300189.SZ,2025-07-09,-0.0138295930237705,0.0594278358536096,2,-0.006493506
300236.SZ,2025-07-09,0.002279864495236987,0.06508230483707948,2,0.0054716
300086.SZ,2025-07-10,-0.025137062517919813,0.06041741873439589,2,0.005347594
300189.SZ,2025-07-10,-0.02006344268493692,0.061406358416396536,2,-0.002178649
300236.SZ,2025-07-10,0.020568667556151672,0.06653195170396548,2,0.001554807
300086.SZ,2025-07-11,-0.01909234056208252,0.06305152016966112,2,0.017730496
300189.SZ,2025-07-11,-0.019656818919259165,0.058590085365030256,2,0.002183406
300236.SZ,2025-07-11,0.009807285836718607,0.06380183462814032,2,-0.004915912
300086.SZ,2025-07-14,-0.028612927319946732,0.06168658284020927,2,-0.027874564
300189.SZ,2025-07-14,-0.01957581098994863,0.060360213716936284,2,-0.032679739
300236.SZ,2025-07-14,0.0035200240163092236,0.060139142008520365,2,0.002340094
300086.SZ,2025-07-15,-0.01949569617417877,0.06194804474493448,2,0.032258065
300189.SZ,2025-07-15,-0.01713208077407219,0.057390550652719335,1,0.013513514
300236.SZ,2025-07-15,0.0023620634494391783,0.05894531738305621,2,-0.009857328
300086.SZ,2025-07-16,-0.02208558961813357,0.06046551216419738,2,0.032986111
300189.SZ,2025-07-16,-0.00598893833492319,0.05527487900003315,2,0.02
300236.SZ,2025-07-16,-0.008999263462836811,0.05295099088980784,2,0.032486246
300086.SZ,2025-07-17,-0.015616485716996352,0.06200328230356336,2,0.020168067
300189.SZ,2025-07-17,-0.015648272616303034,0.05756146536139639,1,0.010893246
300236.SZ,2025-07-17,0.009556866177066968,0.05434360149174756,2,0.008373509
300086.SZ,2025-07-18,0.003315563477717642,0.06404196547401445,2,0.032948929
300189.SZ,2025-07-18,-0.012804278288253906,0.06185687695227754,1,0.017241379
300236.SZ,2025-07-18,0.01471777173273278,0.05764058856306699,2,-0.010820332
300086.SZ,2025-07-21,-0.025386915062773727,0.06597781389573694,2,0.046251994
300189.SZ,2025-07-21,-0.017744189091171765,0.06174251830866666,1,0.019067797
300236.SZ,2025-07-21,0.008321028988522034,0.0543890361078793,2,-0.002543882
300086.SZ,2025-07-22,-0.045278369442894165,0.07865011167757213,2,-0.039634146
300189.SZ,2025-07-22,-0.022562633960540323,0.06228477207319373,2,-0.051975052
300236.SZ,2025-07-22,0.0029927333307040835,0.05222718754133695,2,-0.00255037
300086.SZ,2025-07-23,-0.02843584124111046,0.08064002802949283,2,0.2
300189.SZ,2025-07-23,-0.017889234863613785,0.06181478562312423,2,0.199561404
300236.SZ,2025-07-23,0.018892289223888532,0.05268618811049872,2,0.041421631
300086.SZ,2025-07-24,-0.012547720899781964,0.0898650597314116,2,0.006613757
300189.SZ,2025-07-24,-0.00682570742591194,0.06186288949053986,2,-0.096892139
300236.SZ,2025-07-24,0.005691230457599481,0.05204787995459107,2,0.041001719
300086.SZ,2025-07-25,-0.021318756588629684,0.14849597936591016,2,0.043363995
300189.SZ,2025-07-25,-0.03998742725091754,0.11075737769173088,2,-0.020242915
300236.SZ,2025-07-25,-0.01958429455626019,0.055860323916785866,2,0.014386792
300086.SZ,2025-07-28,-0.021570493383115733,0.14849597936591016,2,0.007556675
300189.SZ,2025-07-28,-0.02231349738712922,0.11572315072060495,2,-0.012396694
300236.SZ,2025-07-28,-0.0235552724258014,0.06998975232144428,2,-0.010230179
300086.SZ,2025-07-29,-0.02883419199183943,0.14849597936591016,2,0.06
300189.SZ,2025-07-29,-0.019942328381726424,0.11676725917473758,2,0.033472803
300236.SZ,2025-07-29,-0.025512498564261386,0.07713660818818585,2,0.003523608
300086.SZ,2025-07-30,-0.023929497991446762,0.14849597936591016,2,-0.010613208
300189.SZ,2025-07-30,-0.02720217023191681,0.11955534552391875,2,-0.038461538
300236.SZ,2025-07-30,-0.009418013979731481,0.07480378096483734,2,-0.022940075
300086.SZ,2025-07-31,-0.032874847313206126,0.14849597936591016,2,-0.071513707
300189.SZ,2025-07-31,-0.043130128081709136,0.12086221001833135,2,-0.006315789
300236.SZ,2025-07-31,-0.02331529287109324,0.07892668812619619,2,-0.008864399
300086.SZ,2025-08-01,-0.003669086440089711,0.14849597936591016,2,0.010269576
300189.SZ,2025-08-01,-0.016576850800962675,0.13112123001944764,2,-0.002118644
300236.SZ,2025-08-01,0.0019925894315893544,0.08791962772479318,2,0.006284747
300086.SZ,2025-08-04,-0.00010920363406050534,0.14849597936591016,2,-0.036848793
300189.SZ,2025-08-04,-0.015650034402467813,0.13009598908450803,2,0.027600849
300236.SZ,2025-08-04,0.01048751404601522,0.07668843979411456,2,0.006485707
300086.SZ,2025-08-05,0.004696757160166956,0.14849597936591016,2,-0.006596306
300189.SZ,2025-08-05,-0.017642353520164227,0.12484312099858504,1,-0.006198347
300236.SZ,2025-08-05,0.0046256443128759464,0.07779469891899435,2,0.04797136
300086.SZ,2025-08-06,0.024062484671675457,0.14849597936591016,2,-0.034528552
300189.SZ,2025-08-06,-0.01712626681270589,0.1254242195006927,2,0.033264033
300236.SZ,2025-08-06,-0.018442967298925934,0.07966923148239838,2,0.009109542
300086.SZ,2025-08-07,0.029348854584690023,0.14849597936591016,2,-0.005502063
300189.SZ,2025-08-07,0.0019663748486968106,0.11950226508681276,2,-0.004024145
300236.SZ,2025-08-07,-0.005781069982780165,0.09853920806915302,2,-0.023922365
300086.SZ,2025-08-08,0.03419750631494708,0.14580468339384317,2,0.020746888
300189.SZ,2025-08-08,-0.005848348647576612,0.11390661585184189,2,0.006060606
300236.SZ,2025-08-08,-0.018832134335139847,0.09292934415422312,2,0.016647399
300086.SZ,2025-08-11,0.019652262834510725,0.14370845803911092,2,-0.032520325
300189.SZ,2025-08-11,0.0016847960096606242,0.10677964929633292,2,-0.016064257
300236.SZ,2025-08-11,0.008407401346931236,0.09176562551880377,2,0.07004776
300086.SZ,2025-08-12,0.018163584815026623,0.14499824394096472,2,0.021008403
300189.SZ,2025-08-12,0.005579680087433224,0.10916381760481525,2,0.002040816
300236.SZ,2025-08-12,-0.002599670341035926,0.09357776110321557,2,0.002763018
300086.SZ,2025-08-13,0.025366077973087525,0.14771702910959994,2,-0.0260631
300189.SZ,2025-08-13,-0.0008691657140010876,0.10489909560510947,2,-0.026476578
300236.SZ,2025-08-13,-0.02643114244551768,0.13781354089787773,2,-0.023738872
300086.SZ,2025-08-14,0.008677032765161338,0.14643926144191977,2,-0.001408451
300189.SZ,2025-08-14,0.0036371286616134397,0.10650561549164833,2,0.014644351
300236.SZ,2025-08-14,-0.022946116781215723,0.13832845183130546,2,0.063829787
300086.SZ,2025-08-15,0.007106636446558788,0.14488155901939637,2,0.014104372
300189.SZ,2025-08-15,0.01226896062265809,0.10727735168563589,2,0.024742268
300236.SZ,2025-08-15,0.001895931811041873,0.13713798450516476,2,0.039183673
300086.SZ,2025-08-18,-0.00045471791594288967,0.14139789592533553,2,0.006954103
300189.SZ,2025-08-18,-0.0008281616870128165,0.10722534386587523,1,-0.004024145
300236.SZ,2025-08-18,-0.025870029603325254,0.14267477850600105,2,0.01119403
300086.SZ,2025-08-19,-0.008511404901501974,0.1370798899345759,2,-0.012430939
300189.SZ,2025-08-19,-0.006516544532093785,0.10837326274497854,2,0.006060606
300236.SZ,2025-08-19,-0.023721239333284884,0.14267477850600105,2,0.103515246
300086.SZ,2025-08-20,0.005176931888632593,0.12837143400524023,2,-0.012587413
300189.SZ,2025-08-20,0.004360536904973013,0.10842610806456754,1,0.006024096
300236.SZ,2025-08-20,-0.02269894517656782,0.1378290138758983,2,-0.03907075
300086.SZ,2025-08-21,0.0005611805273657869,0.11854598614485734,2,-0.004249292
300189.SZ,2025-08-21,-0.012897958014595352,0.1073180211260037,2,-0.007984032
300236.SZ,2025-08-21,-0.03515558311841544,0.14724820259631197,2,0.0496337
300086.SZ,2025-08-22,0.006779981073869893,0.08213773928298868,2,0.00284495
300189.SZ,2025-08-22,-0.006192671395455695,0.06778652108731771,2,0.016096579
300236.SZ,2025-08-22,-0.03309915255287996,0.14849597936591016,2,-0.023207119
300086.SZ,2025-08-25,-0.0012138228509442303,0.08273336410365564,2,-0.004255319
300189.SZ,2025-08-25,-0.002981312343277221,0.070557491198553,1,0.0
300236.SZ,2025-08-25,-0.027713845751241223,0.14849597936591016,2,-0.039835656
300086.SZ,2025-08-26,-0.0003679798932121123,0.08068490333997445,2,-0.042735043
300189.SZ,2025-08-26,-0.007681955963918284,0.07128321750964192,1,0.025742574
300236.SZ,2025-08-26,-0.008693018628481878,0.1455011950150178,2,-0.011348837
300086.SZ,2025-08-27,-0.00018241458359685277,0.08065689398770352,1,-0.007440476
300189.SZ,2025-08-27,-0.008678796324851372,0.06873340689502659,1,-0.027027027
300236.SZ,2025-08-27,-0.003305553062063269,0.1471007538320595,2,0.130974784
300086.SZ,2025-08-28,0.005650879917848062,0.06497648058194161,2,0.00149925
300189.SZ,2025-08-28,0.014109646553229535,0.048584050415855645,2,0.007936508
300236.SZ,2025-08-28,0.017736024521041574,0.10485334223754247,2,-0.06156406
300086.SZ,2025-08-29,0.02188368650420934,0.06559060051721513,1,0.01497006
300189.SZ,2025-08-29,-0.0016161223647439137,0.049786281222372164,2,-0.015748031
300236.SZ,2025-08-29,0.0034174400523273173,0.11134556738354442,2,-0.004255319
300086.SZ,2025-09-01,0.00950602610242476,0.0609952202174939,1,-0.014749263
300189.SZ,2025-09-01,-0.0016477416737393097,0.053242126929169464,2,0.012
300236.SZ,2025-09-01,0.006506350202805877,0.10829347508387756,2,-0.050035613
300086.SZ,2025-09-02,0.0018247761669208215,0.06103033972410422,1,-0.02245509
300189.SZ,2025-09-02,-0.004547994626331365,0.06050756818397858,2,-0.049407115
300236.SZ,2025-09-02,0.02307286442051009,0.1092933154096313,2,0.01180881
300086.SZ,2025-09-03,0.020908083878448273,0.0643247352942378,1,0.009188361
300189.SZ,2025-09-03,0.013430595873749201,0.06339222912194578,2,-0.03950104
300236.SZ,2025-09-03,0.01260782526798316,0.11498308295830112,2,-0.062801037
300086.SZ,2025-09-04,0.023777694809049683,0.06425810393202194,1,0.001517451
300189.SZ,2025-09-04,-0.010585315232913006,0.06382590011764104,2,0.002164502
300236.SZ,2025-09-04,-0.0037864921240971412,0.11436677752465847,2,0.036766159
300086.SZ,2025-09-05,0.018070916360174893,0.06329828825212425,1,0.010606061
300189.SZ,2025-09-05,-0.010806963456759787,0.06444961083935853,2,0.012958963
300236.SZ,2025-09-05,0.01131924585516803,0.11426638761118602,2,-0.006673022
300086.SZ,2025-09-08,0.015030599852566646,0.0637267505964073,1,-0.019490255
300189.SZ,2025-09-08,0.0009259994740480337,0.06829976995180619,1,-0.023454158
300236.SZ,2025-09-08,0.018974969415520643,0.12289511844391321,2,-0.031477927
300086.SZ,2025-09-09,0.007739045986543152,0.061057502669787225,1,0.01529052
300189.SZ,2025-09-09,-0.008142955667814002,0.06142749142455317,1,0.013100437
300236.SZ,2025-09-09,0.01270738031918284,0.12120221681583834,2,0.007530717
300086.SZ,2025-09-10,0.011595581421810707,0.060833047962807835,1,0.034638554
300189.SZ,2025-09-10,-0.0024361501606804956,0.06300616958324852,1,0.017241379
300236.SZ,2025-09-10,0.009839891281461025,0.12734155392633942,2,0.040322581
300086.SZ,2025-09-11,0.0036518443084206783,0.061571544548065106,1,-0.005822416
300189.SZ,2025-09-11,-0.001905556978714703,0.06165645765838976,1,-0.006355932
300236.SZ,2025-09-11,0.014177706601213707,0.12732287118438537,2,0.023444886
300086.SZ,2025-09-12,0.007323060173045384,0.06061329325049561,1,0.011713031
300189.SZ,2025-09-12,-0.01575705034772946,0.060027435141391874,1,0.017057569
300236.SZ,2025-09-12,0.021320272726753263,0.12264368329915001,2,-0.019213006
300086.SZ,2025-09-15,-0.001990929659658935,0.06187490785531458,1,0.027496382
300189.SZ,2025-09-15,-0.013906659974180361,0.05859033653892069,1,-0.002096436
300236.SZ,2025-09-15,0.02574064951156306,0.1262450224515401,2,-0.001318516
300086.SZ,2025-09-16,0.0010366592978187658,0.06549080449029435,1,-0.033802817
300189.SZ,2025-09-16,-0.003186576737706456,0.058011593416072815,1,-0.014705882
300236.SZ,2025-09-16,0.011545722298104742,0.12108873205423556,2,0.023198793
300086.SZ,2025-09-17,0.0117336181118206,0.06540861861040559,1,-0.011661808
300189.SZ,2025-09-17,-0.011908349779352808,0.05883978200745699,1,-0.021321962
300236.SZ,2025-09-17,0.0058204984458123145,0.12062373795851884,2,-0.004976959
300086.SZ,2025-09-18,-0.0007305000339830977,0.06568997353347575,1,0.001474926
300189.SZ,2025-09-18,-0.0003650166868896821,0.05729744004617447,1,-0.023965142
300236.SZ,2025-09-18,0.021161767575741314,0.11128497899086215,2,0.030566877
300086.SZ,2025-09-19,-0.0007135920359814682,0.06671903995417744,1,0.001472754
300189.SZ,2025-09-19,0.016175286250957925,0.06193260310692565,1,-0.011160714
300236.SZ,2025-09-19,0.016080287782322497,0.106210763307233,2,0.033974474
300086.SZ,2025-09-22,-0.0013353815445892219,0.06669942907709137,1,-0.029411765
300189.SZ,2025-09-22,0.015321598948558477,0.0620189816001297,1,-0.020316027
300236.SZ,2025-09-22,0.016539193997551393,0.1070525614718567,2,0.01147427
300086.SZ,2025-09-23,0.004023630691041098,0.06860673184330768,1,0.051515152
300189.SZ,2025-09-23,0.018866589240154653,0.05905463800186059,1,0.006912442
300236.SZ,2025-09-23,0.013829085010199397,0.10581772703363691,2,0.068429013
300086.SZ,2025-09-24,0.005359245197311417,0.06515785921993869,1,-0.036023055
300189.SZ,2025-09-24,0.017356909956655148,0.062426396086693675,1,-0.013729977
300236.SZ,2025-09-24,0.002038782832002976,0.10914664456170216,2,0.0
300086.SZ,2025-09-25,0.006270823859425726,0.08165585231023459,1,0.058295964
300189.SZ,2025-09-25,0.017651138892566493,0.05764356518245389,1,0.011600928
300236.SZ,2025-09-25,-0.022489474475144895,0.12761664054058025,2,0.0
300086.SZ,2025-09-26,0.009552850785686346,0.08514957542929542,1,-0.007062147
300189.SZ,2025-09-26,0.02320757046139511,0.05552210898678886,1,-0.006880734
300236.SZ,2025-09-26,-0.0034448464121197117,0.11714284675399676,2,-0.006293315
300086.SZ,2025-09-29,0.0024364214722635753,0.08348145567602841,1,0.017069701
300189.SZ,2025-09-29,0.020757478828506346,0.056762951344660764,1,0.009237875
300236.SZ,2025-09-29,-0.0047357224083337205,0.11424483450820794,2,0.006151854
300086.SZ,2025-09-30,0.0009889687349598278,0.0880927244134929,1,-0.039160839
300189.SZ,2025-09-30,0.018973953841629556,0.05832457326752076,1,0.011441648
300236.SZ,2025-09-30,-0.0029259611018778984,0.11332770712479708,2,-0.016411907
300086.SZ,2025-10-09,-0.00048350132130184847,0.08402914614239171,1,0.037845706
300189.SZ,2025-10-09,0.014070319750819724,0.05655681395031949,1,0.009049774
300236.SZ,2025-10-09,-0.0041509613382690125,0.1091830241826352,2,-0.029281858
300086.SZ,2025-10-10,0.00529895868660883,0.08458911064970623,1,-0.008415147
300189.SZ,2025-10-10,0.009432575856970027,0.05435681706408156,1,0.049327354
300236.SZ,2025-10-10,-0.004461458194245852,0.11023501268697439,2,0.045837546
300086.SZ,2025-10-13,0.0014121887227938684,0.08199604196285454,1,0.007072136
300189.SZ,2025-10-13,0.014291621473670687,0.055470203766327025,1,0.027777778
300236.SZ,2025-10-13,-0.011071710493327377,0.10166247750382386,2,-0.062520142
300086.SZ,2025-10-14,0.005525145377985701,0.0912455429273794,1,0.011235955
300189.SZ,2025-10-14,0.02248763422891785,0.05507502261866981,1,-0.035343035
300236.SZ,2025-10-14,-0.019232316670968128,0.10423895383154533,2,0.015641114
300086.SZ,2025-10-15,-0.0016968336737171216,0.08541444829151364,1,0.056944444
300189.SZ,2025-10-15,0.029410598972871776,0.05772220014591148,1,0.010775862
300236.SZ,2025-10-15,-0.01721463365046717,0.11057460481746013,2,-0.018107971
300086.SZ,2025-10-16,-0.004336151327607967,0.08762892769371215,1,0.031537451
300189.SZ,2025-10-16,0.008038801581345588,0.055955784685033316,1,0.004264392
300236.SZ,2025-10-16,-0.0031512539894995293,0.11446252568235998,2,-0.032574974
300086.SZ,2025-10-17,0.01010350010391411,0.08465622528017122,1,0.0
300189.SZ,2025-10-17,0.02035560362549401,0.05885253287730853,1,-0.010615711
300236.SZ,2025-10-17,-0.013406592063427711,0.11229142383800811,1,-0.002316052
300086.SZ,2025-10-20,-0.001617174894832939,0.08488577768618547,2,-0.006369427
300189.SZ,2025-10-20,0.020265836551690813,0.05911445252978188,1,0.008583691
300236.SZ,2025-10-20,-0.0010325170091577815,0.11402638650690909,2,0.05375
300086.SZ,2025-10-21,0.0007829670667108621,0.08576256576336386,1,-0.058974359
300189.SZ,2025-10-21,0.006452755519598787,0.05928358809264056,1,-0.031914894
300236.SZ,2025-10-21,-0.001139024835800102,0.11118550780353192,1,-0.013387561
300086.SZ,2025-10-22,0.0001834137650588971,0.09766409972609189,1,0.03133515
300189.SZ,2025-10-22,-0.0074279676965596534,0.05928358809264056,1,-0.006593407
300236.SZ,2025-10-22,0.013923193336997002,0.10786219384031871,1,-0.004981106
300086.SZ,2025-10-23,-0.011344887488947828,0.09828061907035852,1,-0.047556143
300189.SZ,2025-10-23,-0.004134263414181014,0.059396959190399584,1,0.008849558
300236.SZ,2025-10-23,0.0003585882860607793,0.11034259021388679,1,0.045917487
300086.SZ,2025-10-24,-0.021272362045041095,0.10256056105534452,2,-0.042995839
300189.SZ,2025-10-24,-0.008340243710177974,0.05831253162063621,1,-0.010964912
300236.SZ,2025-10-24,-0.008431076589905613,0.10894130484025322,1,0.025931672
300086.SZ,2025-10-27,-0.009340954753896877,0.10756878483213751,1,0.008695652
300189.SZ,2025-10-27,-0.006541144776028295,0.05604912934657692,1,0.00886918
300236.SZ,2025-10-27,0.023494297232366707,0.10692474474777698,1,-0.000984537
300086.SZ,2025-10-28,-0.010569795134809894,0.10466863094528417,1,0.159482759
300189.SZ,2025-10-28,-0.00903800138551168,0.05216734366588302,1,0.041758242
300236.SZ,2025-10-28,0.01860499962097106,0.10251066546292996,1,0.000985507
300086.SZ,2025-10-29,-0.0027511525575749543,0.10873108390524536,1,-0.078066914
300189.SZ,2025-10-29,-0.011368810248462561,0.05177362435028045,1,0.014767932
300236.SZ,2025-10-29,-0.0034017715515553726,0.10177560395758846,1,-0.062920278
300086.SZ,2025-10-30,0.016073096666388977,0.12779264173400448,2,0.174731183
300189.SZ,2025-10-30,0.020043699445805526,0.055250508389585895,1,0.01039501
300236.SZ,2025-10-30,0.00035289806624239626,0.09515649071223592,1,-0.024034335
300086.SZ,2025-10-31,0.012987840702500805,0.12359963200553245,2,0.032036613
300189.SZ,2025-10-31,-0.010762246948394257,0.05844409990864881,1,0.047325103
300236.SZ,2025-10-31,-0.0004912945384807415,0.09141873503963269,1,0.003869833
300086.SZ,2025-11-03,-0.016198122422907177,0.14548953308023257,2,-0.031042129
300189.SZ,2025-11-03,-0.014336346015574904,0.0614892217902715,1,0.013752456
300236.SZ,2025-11-03,0.01066492818516286,0.093857842355044,1,-0.015069213
300086.SZ,2025-11-04,-0.011821694501494054,0.1456125542902691,2,0.076659039
300189.SZ,2025-11-04,0.006362781413311901,0.06913828343550697,0,0.054263566
300236.SZ,2025-11-04,-0.007713077880145788,0.09006028566443806,1,-0.024017079
300086.SZ,2025-11-05,-0.033079724085735195,0.1456125542902691,2,-0.031880978
300189.SZ,2025-11-05,-0.0011739776146952824,0.07490669103201682,2,-0.044117647
300236.SZ,2025-11-05,-0.006838068727971143,0.08924887862465106,1,0.024243529
300086.SZ,2025-11-06,-0.06628940901153452,0.1456125542902691,2,0.017563117
300189.SZ,2025-11-06,-0.029198236805545265,0.08164957423960464,2,-0.011538462
300236.SZ,2025-11-06,0.0005006989538486707,0.08963139756721897,1,-0.017796761
300086.SZ,2025-11-07,-0.04788146710658192,0.1456125542902691,2,-0.026968716
300189.SZ,2025-11-07,-0.021113909256341844,0.08179657969968815,2,0.015564202
300236.SZ,2025-11-07,0.000780552431770723,0.09369371537965737,1,0.001268346
300086.SZ,2025-11-10,-0.03402812282325155,0.1456125542902691,2,-0.037694013
300189.SZ,2025-11-10,-0.012096035803511478,0.07933672101462164,2,0.009578544
300236.SZ,2025-11-10,-0.007856373537111353,0.08948542892142296,1,-0.02262034
300086.SZ,2025-11-11,-0.0246632299234828,0.14195433770435387,2,0.006912442
300189.SZ,2025-11-11,-0.03252922591988094,0.08132975961826576,2,-0.015180266
300236.SZ,2025-11-11,-0.009611093479079201,0.08685833757356576,1,-0.001296056
300086.SZ,2025-11-12,-0.013706028162440017,0.14317331560116228,2,0.012585812
300189.SZ,2025-11-12,-0.034947210700034995,0.08038834922458228,2,0.021194605
300236.SZ,2025-11-12,0.007543296409667349,0.08062012933106955,1,0.011494253
300086.SZ,2025-11-13,-0.0068861201580139655,0.1456125542902691,2,0.2
300189.SZ,2025-11-13,-0.019241367906125614,0.08778486904643491,2,0.033962264
300236.SZ,2025-11-13,0.006964002080865159,0.07991382537961124,1,-0.023460411
300086.SZ,2025-11-14,-0.011550868274597989,0.14166174345016777,2,0.04613936
300189.SZ,2025-11-14,-0.017702140019141676,0.08394791662531394,2,0.02919708
300236.SZ,2025-11-14,-0.00025874517599017784,0.08009086499490177,1,-0.001501502
300086.SZ,2025-11-17,-0.05517287716995694,0.1456125542902691,2,0.063006301
300189.SZ,2025-11-17,-0.016902821710564557,0.08496139845154292,2,0.024822695
300236.SZ,2025-11-17,0.002650513788631446,0.07516155228534,1,0.012969925
300086.SZ,2025-11-18,-0.011149729211949958,0.1456125542902691,2,-0.055884843
300189.SZ,2025-11-18,0.003979380338969959,0.08505390516783584,2,-0.027681661
300236.SZ,2025-11-18,0.024081289416972768,0.07695741968289901,1,0.027834478
300086.SZ,2025-11-19,-0.023840411279661154,0.1456125542902691,2,0.089686099
300189.SZ,2025-11-19,-0.0028652370889661345,0.08069281494798115,2,0.017793594
300236.SZ,2025-11-19,0.013420970769464517,0.07310512137240967,1,0.01985918
300086.SZ,2025-11-20,-0.002471097330322544,0.1456125542902691,2,-0.043621399
300189.SZ,2025-11-20,-0.00148278151670244,0.08240343188368188,2,0.036713287
300236.SZ,2025-11-20,0.010817721499711497,0.07827048224562697,1,0.032041069
300086.SZ,2025-11-21,-0.021339864354350646,0.1456125542902691,2,-0.06626506
300189.SZ,2025-11-21,-0.017431979770803713,0.08154149554015928,2,-0.047217538
300236.SZ,2025-11-21,0.022895318935981932,0.07287670909787956,1,0.016981132
300086.SZ,2025-11-24,-0.00036024933551664375,0.1452562487469498,2,0.123281106
300189.SZ,2025-11-24,-0.009465740081381532,0.07938546446265717,2,0.024778761
300236.SZ,2025-11-24,0.017766664258545915,0.07280217110063518,1,-0.041490977
300086.SZ,2025-11-25,0.006249760282860489,0.14013785124260633,2,0.0
300189.SZ,2025-11-25,-0.006186671074099415,0.07884650589789845,2,0.029360967
300236.SZ,2025-11-25,0.011657261091111343,0.07181078326769949,1,-0.035368643
300086.SZ,2025-11-26,-0.012210492574370574,0.13566493891520578,2,0.0
300189.SZ,2025-11-26,0.009514263753437323,0.08232124016102597,2,-0.075503356
300236.SZ,2025-11-26,0.004744063203243769,0.07107291157595153,1,-0.013498723
300086.SZ,2025-11-27,0.013472881956633887,0.12873372701279193,2,0.0
300189.SZ,2025-11-27,0.018473891632640512,0.08215776766800047,2,0.08892922
300236.SZ,2025-11-27,0.005267214555454971,0.07276794121039998,1,0.054733728
300086.SZ,2025-11-28,0.0091365887006199,0.12574052161189506,2,-0.001444091
300189.SZ,2025-11-28,0.0006234535924488212,0.09501536366206012,2,0.001666667
300236.SZ,2025-11-28,-0.009727080199388833,0.06965254455313283,1,0.03085554
300086.SZ,2025-12-01,0.0024596195041016234,0.12578193131273252,2,-0.004108463
300189.SZ,2025-12-01,-0.011884199281613751,0.0917203976204377,2,0.035607321
300236.SZ,2025-12-01,0.010796743270517507,0.06859968371388421,1,-0.002380952
300086.SZ,2025-12-02,-0.0059558027530198935,0.1264824121380269,2,-0.028877888
300189.SZ,2025-12-02,0.011185623231862573,0.09764767014303194,2,-0.023136247
300236.SZ,2025-12-02,0.014859751008434929,0.06920432356035332,1,-0.006137061
300086.SZ,2025-12-03,-0.01312010652324505,0.12646517280745362,2,-0.064570943
300189.SZ,2025-12-03,0.005562895254190253,0.09546519005198659,2,-0.042763158
300236.SZ,2025-12-03,0.0008137945738853132,0.0702926166805766,1,-0.008404803
300086.SZ,2025-12-04,0.0018311278019340824,0.1360345546452008,2,0.008174387
300189.SZ,2025-12-04,-0.008728495054983961,0.09678072921301509,2,0.032646048
300236.SZ,2025-12-04,-0.006575544989417357,0.0716887908052456,1,-0.020757654
300086.SZ,2025-12-05,0.01796840190101325,0.1366640649154556,2,0.055855856
300189.SZ,2025-12-05,-0.0027390365899496415,0.10432888337334958,2,0.023294509
300236.SZ,2025-12-05,-0.004910078074103818,0.0718809365517473,1,0.039568981
300086.SZ,2025-12-08,-0.0018114478276608993,0.14186759437627414,2,-0.078498294
300189.SZ,2025-12-08,0.0002656164762443508,0.10362204766554323,2,-0.068292683
300236.SZ,2025-12-08,-0.00035627764302081975,0.07150459355092087,1,-0.004078165
300086.SZ,2025-12-09,0.02032352656455362,0.14101989239751886,2,0.128481481
300189.SZ,2025-12-09,0.0076414470591640036,0.11006272344638063,2,0.086212914
300236.SZ,2025-12-09,0.002840282155070471,0.07241044406877997,1,0.014332025
300086.SZ,2025-12-10,-0.0017058844885838435,0.1456125542902691,2,-0.025238767
300189.SZ,2025-12-10,0.009570503635541293,0.11665796927839003,2,0.0
300236.SZ,2025-12-10,0.0015771906843062883,0.07232094948197729,1,-0.016148024
300086.SZ,2025-12-11,0.007778109566491185,0.14448330717554447,2,-0.037878788
300189.SZ,2025-12-11,0.001477815524455739,0.12135186170890026,2,0.0
300236.SZ,2025-12-11,-0.0033183339030694197,0.07397914357077086,1,0.034364849
300086.SZ,2025-12-12,0.0240233090872401,0.13478651451156254,2,0.028871391
300189.SZ,2025-12-12,0.0021563347208632994,0.12091041289135418,2,0.0
300236.SZ,2025-12-12,-0.005863015146003919,0.07399589021788908,1,0.023471074
300086.SZ,2025-12-15,0.0092182341266315,0.13212545156633665,2,-0.040816327
300189.SZ,2025-12-15,-0.021344538010719522,0.128433143992273,2,-0.003856041
300236.SZ,2025-12-15,0.005016697773195684,0.07138235040818282,1,-0.013242894
300086.SZ,2025-12-16,0.014414819748407588,0.12945679265520052,2,-0.080673759
300189.SZ,2025-12-16,0.0016933576048599405,0.1314421151073884,2,-0.090322581
300236.SZ,2025-12-16,0.006169120364051213,0.07086928305594539,1,0.004746318
300086.SZ,2025-12-17,0.002153569905898957,0.12824251537291764,2,-0.046287367
300189.SZ,2025-12-17,-0.004305943544889725,0.13038673321891495,2,-0.031914894
300236.SZ,2025-12-17,-0.0030289353481328927,0.07372538319104228,1,-0.039582994
300086.SZ,2025-12-18,0.013355728672501082,0.13328620937918523,1,0.114256825
300189.SZ,2025-12-18,0.004992656883843605,0.1362211496063234,2,0.087912088
300236.SZ,2025-12-18,-0.003484603347685893,0.07359852829134751,1,-0.028154681
