trade_date,ticker,ticker_code,score,pred,pred_z,VaR_1pct,risk,_y
2024-04-25,600000.SH,600000,0.0,0.0013905309734042,0.0,-0.023541272794754445,0.023541272794754445,0.0207466720905102
2024-05-01,600000.SH,600000,0.0,0.0014080252960669,0.0,-0.023541272794754445,0.023541272794754445,-0.0075899161979022
2024-05-02,600000.SH,600000,0.0,0.0013798384731309,0.0,-0.023541272794754445,0.023541272794754445,2.885887069092874e-05
2024-05-03,600000.SH,600000,0.0,0.0013909860808679,0.0,-0.023541272794754445,0.023541272794754445,-0.0008141836527238
2024-05-04,600000.SH,600000,0.0,0.001386891181035,0.0,-0.023541272794754445,0.023541272794754445,0.0190841499663296
2024-05-05,600000.SH,600000,0.0,0.0013775230767546,0.0,-0.023541272794754445,0.023541272794754445,0.0043099939057831
2024-05-08,600000.SH,600000,0.0,0.0013718118551776,0.0,-0.023541272794754445,0.023541272794754445,-0.0106275813475803
2024-05-09,600000.SH,600000,0.0,0.0013883816255529,0.0,-0.023541272794754445,0.023541272794754445,0.0022293686743317
2024-05-10,600000.SH,600000,0.0,0.0013791605169132,0.0,-0.023541272794754445,0.023541272794754445,0.0177671450670457
2024-05-11,600000.SH,600000,0.0,0.0013866465427501,0.0,-0.023541272794754445,0.023541272794754445,0.0162824148198732
2024-05-12,600000.SH,600000,0.0,0.0013972180265911,0.0,-0.023541272794754445,0.023541272794754445,0.0209828676099268
2024-05-15,600000.SH,600000,0.0,0.001393310836584,0.0,-0.023541272794754445,0.023541272794754445,0.0118702979429137
2024-05-16,600000.SH,600000,0.0,0.001379721104635,0.0,-0.023541272794754445,0.023541272794754445,0.0136637667694301
2024-05-17,600000.SH,600000,0.0,0.0013737798361027,0.0,-0.023541272794754445,0.023541272794754445,0.0014423532245513
2024-05-18,600000.SH,600000,0.0,0.0013757655096404,0.0,-0.023541272794754445,0.023541272794754445,-0.0080352804233306
2024-05-19,600000.SH,600000,0.0,0.0013817883940504,0.0,-0.023541272794754445,0.023541272794754445,0.0120639696870314
2024-05-22,600000.SH,600000,0.0,0.0013626297170129,0.0,-0.023541272794754445,0.023541272794754445,-0.0007354556884024
2024-05-23,600000.SH,600000,0.0,0.0013647443181111,0.0,-0.023541272794754445,0.023541272794754445,-0.0042968316066762
2024-05-24,600000.SH,600000,0.0,0.0013753258031903,0.0,-0.023541272794754445,0.023541272794754445,-0.0117163733617347
2024-05-25,600000.SH,600000,0.0,0.0013792255606347,0.0,-0.023541272794754445,0.023541272794754445,-0.0124163612130269
2024-05-26,600000.SH,600000,0.0,0.0013594049914453,0.0,-0.02869060905801351,0.02869060905801351,-0.0047768869976891
2024-05-29,600000.SH,600000,0.0,0.001365467581881,0.0,-0.02869060905801351,0.02869060905801351,0.0056349776164044
2024-05-30,600000.SH,600000,0.0,0.0013559572426973,0.0,-0.02869060905801351,0.02869060905801351,-0.0075288136865876
2024-05-31,600000.SH,600000,0.0,0.0013720919804435,0.0,-0.02869060905801351,0.02869060905801351,-0.001817899071561
2024-06-01,600000.SH,600000,0.0,0.0013758184038049,0.0,-0.02869060905801351,0.02869060905801351,0.0061376150680501
2024-06-02,600000.SH,600000,0.0,0.0013853644861917,0.0,-0.02869060905801351,0.02869060905801351,-0.020100487769184
2024-06-06,600000.SH,600000,0.0,0.0013858727153892,0.0,-0.02869060905801351,0.02869060905801351,-0.0055410120268499
2024-06-07,600000.SH,600000,0.0,0.0014107315048692,0.0,-0.02869060905801351,0.02869060905801351,-3.4434772768099364e-05
2024-06-08,600000.SH,600000,0.0,0.0013821004116278,0.0,-0.02869060905801351,0.02869060905801351,0.006515194068341
2024-06-09,600000.SH,600000,0.0,0.0013911223926626,0.0,-0.02869060905801351,0.02869060905801351,-0.0054584501614818
2024-06-12,600000.SH,600000,0.0,0.0013929045985534,0.0,-0.02869060905801351,0.02869060905801351,-0.0017679612989977
2024-06-13,600000.SH,600000,0.0,0.0013711736272748,0.0,-0.02869060905801351,0.02869060905801351,0.0166110035656874
2024-06-14,600000.SH,600000,0.0,0.0013844128592037,0.0,-0.02869060905801351,0.02869060905801351,-0.003927574720782
2024-06-15,600000.SH,600000,0.0,0.0013754554913049,0.0,-0.02869060905801351,0.02869060905801351,-0.0030601324962232
2024-06-16,600000.SH,600000,0.0,0.0013905693374619,0.0,-0.02869060905801351,0.02869060905801351,-0.004016596558804
2024-06-19,600000.SH,600000,0.0,0.0013998872454915,0.0,-0.02869060905801351,0.02869060905801351,0.0066344602983554
2024-06-20,600000.SH,600000,0.0,0.0014110743986759,0.0,-0.02869060905801351,0.02869060905801351,0.0001262316296637
2024-06-21,600000.SH,600000,0.0,0.0013909132746206,0.0,-0.02869060905801351,0.02869060905801351,0.0039906841854735
2024-06-22,600000.SH,600000,0.0,0.0014130341928653,0.0,-0.02869060905801351,0.02869060905801351,-0.0018989707321307
2024-06-23,600000.SH,600000,0.0,0.0014081969330738,0.0,-0.02869060905801351,0.02869060905801351,0.0083719461780205
2024-06-26,600000.SH,600000,0.0,0.0014088921986816,0.0,-0.023010303624573538,0.023010303624573538,0.03278335277343
2024-06-27,600000.SH,600000,0.0,0.0013892387443969,0.0,-0.023010303624573538,0.023010303624573538,-0.0005342210961103
2024-06-28,600000.SH,600000,0.0,0.0013920577535184,0.0,-0.023010303624573538,0.023010303624573538,0.0006321870779932
2024-06-29,600000.SH,600000,0.0,0.0014014655895303,0.0,-0.023010303624573538,0.023010303624573538,-0.0221403844596353
2024-06-30,600000.SH,600000,0.0,0.0013976158811507,0.0,-0.023010303624573538,0.023010303624573538,0.0099459726060975
2024-07-03,600000.SH,600000,0.0,0.0014024053374527,0.0,-0.023010303624573538,0.023010303624573538,0.0253971737781335
2024-07-04,600000.SH,600000,0.0,0.0013805512016026,0.0,-0.023010303624573538,0.023010303624573538,0.0077723729661409
2024-07-05,600000.SH,600000,0.0,0.0013876810081591,0.0,-0.023010303624573538,0.023010303624573538,-0.0097295075861424
2024-07-06,600000.SH,600000,0.0,0.0013956357762466,0.0,-0.023010303624573538,0.023010303624573538,0.0315753108356717
2024-07-07,600000.SH,600000,0.0,0.0013860589446195,0.0,-0.023010303624573538,0.023010303624573538,0.0061566393718561
2024-07-10,600000.SH,600000,0.0,0.0014017516720541,0.0,-0.023010303624573538,0.023010303624573538,-0.0053647028202714
2024-07-11,600000.SH,600000,0.0,0.0014077676096703,0.0,-0.023010303624573538,0.023010303624573538,0.0210783905114677
2024-07-12,600000.SH,600000,0.0,0.0013724743772397,0.0,-0.023010303624573538,0.023010303624573538,0.0053837943542356
2024-07-13,600000.SH,600000,0.0,0.0013837375242431,0.0,-0.023010303624573538,0.023010303624573538,-0.0010562840215078
2024-07-14,600000.SH,600000,0.0,0.0013713902592901,0.0,-0.023010303624573538,0.023010303624573538,-0.0221897131706787
2024-07-17,600000.SH,600000,0.0,0.0013645768324953,0.0,-0.023010303624573538,0.023010303624573538,0.0020976879868066
2024-07-18,600000.SH,600000,0.0,0.0013782644376503,0.0,-0.023010303624573538,0.023010303624573538,-0.0011806428517681
2024-07-19,600000.SH,600000,0.0,0.0013710306692945,0.0,-0.023010303624573538,0.023010303624573538,-0.0058975989023897
2024-07-20,600000.SH,600000,0.0,0.0013835406625288,0.0,-0.023010303624573538,0.023010303624573538,-0.0264302147463667
2024-07-21,600000.SH,600000,0.0,0.0013705219563567,0.0,-0.023010303624573538,0.023010303624573538,0.0276465002430816
2024-07-24,600000.SH,600000,0.0,0.001394827472182,0.0,-0.03321124643257534,0.03321124643257534,-0.0180642244631896
2024-07-25,600000.SH,600000,0.0,0.0013692889363973,0.0,-0.03321124643257534,0.03321124643257534,0.0016591286170011
2024-07-26,600000.SH,600000,0.0,0.0013938028487535,0.0,-0.03321124643257534,0.03321124643257534,0.0219682001111019
2024-07-27,600000.SH,600000,0.0,0.0013901825118258,0.0,-0.03321124643257534,0.03321124643257534,-0.0127513503300741
2024-07-28,600000.SH,600000,0.0,0.0013775310841614,0.0,-0.03321124643257534,0.03321124643257534,-0.0076596304193942
2024-07-31,600000.SH,600000,0.0,0.0013820654947689,0.0,-0.03321124643257534,0.03321124643257534,-0.0190910913971255
2024-08-01,600000.SH,600000,0.0,0.0013949691428885,0.0,-0.03321124643257534,0.03321124643257534,0.007486312959396
2024-08-02,600000.SH,600000,0.0,0.0014121933609008,0.0,-0.03321124643257534,0.03321124643257534,0.0110293738545608
2024-08-03,600000.SH,600000,0.0,0.0013920096676956,0.0,-0.03321124643257534,0.03321124643257534,0.0194894478303915
2024-08-04,600000.SH,600000,0.0,0.0013773975647339,0.0,-0.03321124643257534,0.03321124643257534,0.0052872054223107
2024-08-07,600000.SH,600000,0.0,0.0013896809602771,0.0,-0.03321124643257534,0.03321124643257534,-0.0023938205247581
2024-08-08,600000.SH,600000,0.0,0.0013886269549859,0.0,-0.03321124643257534,0.03321124643257534,-0.0002844923211184
2024-08-09,600000.SH,600000,0.0,0.00139289649099,0.0,-0.03321124643257534,0.03321124643257534,0.0206981593418005
2024-08-10,600000.SH,600000,0.0,0.0013817516825615,0.0,-0.03321124643257534,0.03321124643257534,0.0139075707358791
2024-08-11,600000.SH,600000,0.0,0.0013985312250049,0.0,-0.03321124643257534,0.03321124643257534,0.0203007257263962
2024-08-14,600000.SH,600000,0.0,0.0014119051641621,0.0,-0.03321124643257534,0.03321124643257534,-0.0144425753523083
2024-08-15,600000.SH,600000,0.0,0.001397872920129,0.0,-0.03321124643257534,0.03321124643257534,0.0076265134666839
2024-08-16,600000.SH,600000,0.0,0.0013881827589056,0.0,-0.03321124643257534,0.03321124643257534,0.0031084280845488
2024-08-17,600000.SH,600000,0.0,0.0013957785984344,0.0,-0.03321124643257534,0.03321124643257534,-0.0010317889930133
2024-08-18,600000.SH,600000,0.0,0.0013853667497911,0.0,-0.03321124643257534,0.03321124643257534,-0.0099685530853442
2024-08-21,600000.SH,600000,0.0,0.00138759084114,0.0,-0.02936975420709135,0.02936975420709135,-0.0001583473105979
2024-08-22,600000.SH,600000,0.0,0.0013738546045076,0.0,-0.02936975420709135,0.02936975420709135,-0.0075185808852781
2024-08-23,600000.SH,600000,0.0,0.0013758104235145,0.0,-0.02936975420709135,0.02936975420709135,-0.0349231090345267
2024-08-24,600000.SH,600000,0.0,0.0013913994177649,0.0,-0.02936975420709135,0.02936975420709135,-0.0132946075044011
2024-08-25,600000.SH,600000,0.0,0.00139413996251,0.0,-0.02936975420709135,0.02936975420709135,-0.003435470816408
2024-08-28,600000.SH,600000,0.0,0.0014112422737787,0.0,-0.02936975420709135,0.02936975420709135,-0.0180944999909176
2024-08-29,600000.SH,600000,0.0,0.0014031967372353,0.0,-0.02936975420709135,0.02936975420709135,0.0057209959411714
2024-08-30,600000.SH,600000,0.0,0.0014015661306136,0.0,-0.02936975420709135,0.02936975420709135,0.0034358100444866
2024-08-31,600000.SH,600000,0.0,0.0013983294470226,0.0,-0.02936975420709135,0.02936975420709135,0.0111956190917379
2024-09-01,600000.SH,600000,0.0,0.0014179215693471,0.0,-0.02936975420709135,0.02936975420709135,-0.0055993919369325
2024-09-04,600000.SH,600000,0.0,0.0014060327341775,0.0,-0.02936975420709135,0.02936975420709135,0.0132753767900881
2024-09-05,600000.SH,600000,0.0,0.0014179183550034,0.0,-0.02936975420709135,0.02936975420709135,-0.029113198491788
2024-09-06,600000.SH,600000,0.0,0.0013890781896293,0.0,-0.02936975420709135,0.02936975420709135,0.0289209123946323
2024-09-07,600000.SH,600000,0.0,0.0014058184427581,0.0,-0.02936975420709135,0.02936975420709135,-0.0154128815357126
2024-09-08,600000.SH,600000,0.0,0.0013907720983788,0.0,-0.02936975420709135,0.02936975420709135,-0.0044100910680218
2024-09-13,600000.SH,600000,0.0,0.0013999944727242,0.0,-0.02936975420709135,0.02936975420709135,0.0261944214732363
2024-09-14,600000.SH,600000,0.0,0.001408202778911,0.0,-0.02936975420709135,0.02936975420709135,0.0004996660057894
2024-09-15,600000.SH,600000,0.0,0.0013999795720727,0.0,-0.02936975420709135,0.02936975420709135,0.0140882576853196
2024-09-18,600000.SH,600000,0.0,0.0014283693208423,0.0,-0.02936975420709135,0.02936975420709135,0.0553589901370679
2024-09-19,600000.SH,600000,0.0,0.0014149092132917,0.0,-0.02936975420709135,0.02936975420709135,0.0461354549793067
2024-09-20,600000.SH,600000,0.0,0.0014246610675862,0.0,-0.04548462540905708,0.04548462540905708,0.0387381275201412
2024-09-21,600000.SH,600000,0.0,0.001408451747639,0.0,-0.04548462540905708,0.04548462540905708,0.0019567956872317
2024-09-22,600000.SH,600000,0.0,0.0014184651661889,0.0,-0.04548462540905708,0.04548462540905708,0.0262033492970887
2024-09-25,600000.SH,600000,0.0,0.0014176320640165,0.0,-0.04548462540905708,0.04548462540905708,0.0414651554137583
2024-10-03,600000.SH,600000,0.0,0.0013913310731811,0.0,-0.04548462540905708,0.04548462540905708,-0.057569802500373
2024-10-04,600000.SH,600000,0.0,0.0013555793731753,0.0,-0.04548462540905708,0.04548462540905708,0.0399598989166185
2024-10-05,600000.SH,600000,0.0,0.0013755876885031,0.0,-0.04548462540905708,0.04548462540905708,-0.0143840301307002
2024-10-06,600000.SH,600000,0.0,0.0013601330640134,0.0,-0.04548462540905708,0.04548462540905708,0.0251374983003276
2024-10-09,600000.SH,600000,0.0,0.0013732409195908,0.0,-0.04548462540905708,0.04548462540905708,-0.0145022360151289
2024-10-10,600000.SH,600000,0.0,0.0013910633782007,0.0,-0.04548462540905708,0.04548462540905708,0.0092891374373349
2024-10-11,600000.SH,600000,0.0,0.0013993465469827,0.0,-0.04548462540905708,0.04548462540905708,-0.0142579707225236
2024-10-12,600000.SH,600000,0.0,0.0013920309729778,0.0,-0.04548462540905708,0.04548462540905708,-0.0102426994237401
2024-10-13,600000.SH,600000,0.0,0.001369649571603,0.0,-0.04548462540905708,0.04548462540905708,0.0022105786282302
2024-10-16,600000.SH,600000,0.0,0.001384372331046,0.0,-0.04548462540905708,0.04548462540905708,-0.001188868699615
2024-10-17,600000.SH,600000,0.0,0.0013660104962249,0.0,-0.04548462540905708,0.04548462540905708,0.0066859572368673
2024-10-18,600000.SH,600000,0.0,0.0013721008633699,0.0,-0.04548462540905708,0.04548462540905708,-0.0071492621734826
2024-10-19,600000.SH,600000,0.0,0.0013549904107442,0.0,-0.04548462540905708,0.04548462540905708,-0.0057460525524345
2024-10-20,600000.SH,600000,0.0,0.0013731959895972,0.0,-0.04548462540905708,0.04548462540905708,0.0011433781622642
2024-10-23,600000.SH,600000,0.0,0.0013780912241415,0.0,-0.04548462540905708,0.04548462540905708,-0.0077521961214025
2024-10-24,600000.SH,600000,0.0,0.001376019678055,0.0,-0.04548462540905708,0.04548462540905708,-0.0060183444376067
2024-10-25,600000.SH,600000,0.0,0.0013725106898589,0.0,-0.02880275155047688,0.02880275155047688,-0.0090691779906765
2024-10-26,600000.SH,600000,0.0,0.001375356451187,0.0,-0.02880275155047688,0.02880275155047688,0.0068451818650661
2024-10-27,600000.SH,600000,0.0,0.0014062430532511,0.0,-0.02880275155047688,0.02880275155047688,0.0069322174151487
2024-10-30,600000.SH,600000,0.0,0.0013937466368607,0.0,-0.02880275155047688,0.02880275155047688,0.0098153804145697
2024-10-31,600000.SH,600000,0.0,0.0013869268610229,0.0,-0.02880275155047688,0.02880275155047688,-0.0161896419395146
2024-11-01,600000.SH,600000,0.0,0.0014141086985509,0.0,-0.02880275155047688,0.02880275155047688,0.0347688797290695
2024-11-02,600000.SH,600000,0.0,0.0014047821305798,0.0,-0.02880275155047688,0.02880275155047688,-0.0179949109789389
2024-11-03,600000.SH,600000,0.0,0.0014178512388173,0.0,-0.02880275155047688,0.02880275155047688,-0.0378737308209976
2024-11-06,600000.SH,600000,0.0,0.0014208640893614,0.0,-0.02880275155047688,0.02880275155047688,-0.0056498136141647
2024-11-07,600000.SH,600000,0.0,0.0014124118775117,0.0,-0.02880275155047688,0.02880275155047688,-0.0052389227509118
2024-11-08,600000.SH,600000,0.0,0.0014324733618001,0.0,-0.02880275155047688,0.02880275155047688,0.004165669963106
2024-11-09,600000.SH,600000,0.0,0.0014145303760838,0.0,-0.02880275155047688,0.02880275155047688,-0.0138050269896269
2024-11-10,600000.SH,600000,0.0,0.0014282241852894,0.0,-0.02880275155047688,0.02880275155047688,0.0312175590185224
2024-11-13,600000.SH,600000,0.0,0.0014220101628854,0.0,-0.02880275155047688,0.02880275155047688,-0.0041848762840825
2024-11-14,600000.SH,600000,0.0,0.0013984898541097,0.0,-0.02880275155047688,0.02880275155047688,-0.004171338317195
2024-11-15,600000.SH,600000,0.0,0.0014157156006126,0.0,-0.02880275155047688,0.02880275155047688,-0.0010447716950324
2024-11-16,600000.SH,600000,0.0,0.0014076477090355,0.0,-0.02880275155047688,0.02880275155047688,-0.0251133608011197
2024-11-17,600000.SH,600000,0.0,0.0014109059770788,0.0,-0.02880275155047688,0.02880275155047688,-0.0205197617011672
2024-11-20,600000.SH,600000,0.0,0.0013974173778197,0.0,-0.02880275155047688,0.02880275155047688,-0.0001534479818423
2024-11-21,600000.SH,600000,0.0,0.0013941016917113,0.0,-0.02880275155047688,0.02880275155047688,0.0144269496850237
2024-11-22,600000.SH,600000,0.0,0.0013952236097777,0.0,-0.03775398480291141,0.03775398480291141,0.0004545213847075
2024-11-23,600000.SH,600000,0.0,0.0013826227517177,0.0,-0.03775398480291141,0.03775398480291141,0.0015839618652397
2024-11-24,600000.SH,600000,0.0,0.0013863932428396,0.0,-0.03775398480291141,0.03775398480291141,0.003552436548196
2024-11-27,600000.SH,600000,0.0,0.0013983124351792,0.0,-0.03775398480291141,0.03775398480291141,0.0163802798679117
2024-11-28,600000.SH,600000,0.0,0.0013960508387342,0.0,-0.03775398480291141,0.03775398480291141,0.0135311266105317
2024-11-29,600000.SH,600000,0.0,0.0013857269673063,0.0,-0.03775398480291141,0.03775398480291141,-0.0113997787376428
2024-11-30,600000.SH,600000,0.0,0.0014076904569866,0.0,-0.03775398480291141,0.03775398480291141,0.0073151838435787
2024-12-01,600000.SH,600000,0.0,0.0014092657014432,0.0,-0.03775398480291141,0.03775398480291141,-0.0088141136259063
2024-12-04,600000.SH,600000,0.0,0.0014033892010391,0.0,-0.03775398480291141,0.03775398480291141,0.0188401768111103
2024-12-05,600000.SH,600000,0.0,0.0013998724293625,0.0,-0.03775398480291141,0.03775398480291141,-0.0163096178692324
2024-12-06,600000.SH,600000,0.0,0.0013935362655407,0.0,-0.03775398480291141,0.03775398480291141,0.0184974174211338
2024-12-07,600000.SH,600000,0.0,0.0013962486368879,0.0,-0.03775398480291141,0.03775398480291141,-0.0173144511190473
2024-12-08,600000.SH,600000,0.0,0.0013981074869735,0.0,-0.03775398480291141,0.03775398480291141,-0.0048672681329624
2024-12-11,600000.SH,600000,0.0,0.0014075305516993,0.0,-0.03775398480291141,0.03775398480291141,-0.0104215324534614
2024-12-12,600000.SH,600000,0.0,0.0014026075531066,0.0,-0.03775398480291141,0.03775398480291141,-0.0006001860202187
2024-12-13,600000.SH,600000,0.0,0.001394347191085,0.0,-0.03775398480291141,0.03775398480291141,-0.0007618697459318
2024-12-14,600000.SH,600000,0.0,0.0013917150458836,0.0,-0.03775398480291141,0.03775398480291141,0.0065683142258721
2024-12-15,600000.SH,600000,0.0,0.0013885687162982,0.0,-0.03775398480291141,0.03775398480291141,0.0378950247339184
2024-12-18,600000.SH,600000,0.0,0.0013798382385785,0.0,-0.03775398480291141,0.03775398480291141,0.0247900866542456
2024-12-19,600000.SH,600000,0.0,0.0013940161728156,0.0,-0.03775398480291141,0.03775398480291141,0.0210630326221004
2024-12-20,600000.SH,600000,0.0,0.0013812300732355,0.0,-0.04213618257284282,0.04213618257284282,-0.0014121808372512
2024-12-21,600000.SH,600000,0.0,0.0013895922369891,0.0,-0.04213618257284282,0.04213618257284282,0.0034196706723099
2024-12-22,600000.SH,600000,0.0,0.0013903329338385,0.0,-0.04213618257284282,0.04213618257284282,0.0069100706674716
2024-12-25,600000.SH,600000,0.0,0.0014083137297915,0.0,-0.04213618257284282,0.04213618257284282,-0.0173856136138804
2024-12-26,600000.SH,600000,0.0,0.0014235949671694,0.0,-0.04213618257284282,0.04213618257284282,-0.0120646029410136
2024-12-28,600000.SH,600000,0.0,0.0014037855113885,0.0,-0.04213618257284282,0.04213618257284282,-0.0079665732694557
2024-12-29,600000.SH,600000,0.0,0.0013937870462682,0.0,-0.04213618257284282,0.04213618257284282,0.0072110022722746
2025-01-01,600000.SH,600000,0.0,0.0013700789546218,0.0,-0.04213618257284282,0.04213618257284282,0.0124304809069253
2025-01-02,600000.SH,600000,0.0,0.0013873236759421,0.0,-0.04213618257284282,0.04213618257284282,0.0049607955165811
2025-01-03,600000.SH,600000,0.0,0.0013825732960393,0.0,-0.04213618257284282,0.04213618257284282,-0.0135290496022411
2025-01-04,600000.SH,600000,0.0,0.001388944134387,0.0,-0.04213618257284282,0.04213618257284282,-0.00464303638819
2025-01-05,600000.SH,600000,0.0,0.0013791142763561,0.0,-0.04213618257284282,0.04213618257284282,-0.0109871850223739
2025-01-08,600000.SH,600000,0.0,0.0013747622743065,0.0,-0.04213618257284282,0.04213618257284282,0.0143185863554771
2025-01-09,600000.SH,600000,0.0,0.0013804263536747,0.0,-0.04213618257284282,0.04213618257284282,0.0038349443412388
2025-01-10,600000.SH,600000,0.0,0.0013784004862095,0.0,-0.04213618257284282,0.04213618257284282,0.0026996655315247
2025-01-11,600000.SH,600000,0.0,0.0013843849741461,0.0,-0.04213618257284282,0.04213618257284282,0.0014187943666486
2025-01-12,600000.SH,600000,0.0,0.0013977566986323,0.0,-0.04213618257284282,0.04213618257284282,0.0111336006644748
2025-01-15,600000.SH,600000,0.0,0.0013973282107779,0.0,-0.04213618257284282,0.04213618257284282,0.0001230373149871
2025-01-16,600000.SH,600000,0.0,0.0013983141108043,0.0,-0.04213618257284282,0.04213618257284282,-0.0341610331051315
2025-01-17,600000.SH,600000,0.0,0.0014237892558366,0.0,-0.04213618257284282,0.04213618257284282,0.0333963929318787
2025-01-18,600000.SH,600000,0.0,0.0014128134539511,0.0,-0.036416073597377106,0.036416073597377106,0.003112648456327
2025-01-19,600000.SH,600000,0.0,0.0013980679907856,0.0,-0.036416073597377106,0.036416073597377106,0.0266848260217891
2025-01-22,600000.SH,600000,0.0,0.0014086955475559,0.0,-0.036416073597377106,0.036416073597377106,-0.0195718458508036
2025-01-31,600000.SH,600000,0.0,0.001404751994614,0.0,-0.036416073597377106,0.036416073597377106,-0.0028532481291589
2025-02-01,600000.SH,600000,0.0,0.0014049795206683,0.0,-0.036416073597377106,0.036416073597377106,-0.0043806977664386
2025-02-02,600000.SH,600000,0.0,0.0013936392396438,0.0,-0.036416073597377106,0.036416073597377106,-0.0107724509943802
2025-02-05,600000.SH,600000,0.0,0.001386946602492,0.0,-0.036416073597377106,0.036416073597377106,0.0040243619353073
2025-02-06,600000.SH,600000,0.0,0.0013918601048785,0.0,-0.036416073597377106,0.036416073597377106,0.0113334341169846
2025-02-07,600000.SH,600000,0.0,0.0013916698717611,0.0,-0.036416073597377106,0.036416073597377106,-0.0124030842225315
2025-02-08,600000.SH,600000,0.0,0.0013905388561522,0.0,-0.036416073597377106,0.036416073597377106,0.0125996389860234
2025-02-09,600000.SH,600000,0.0,0.0013862142478281,0.0,-0.036416073597377106,0.036416073597377106,-0.0149981686402066
2025-02-12,600000.SH,600000,0.0,0.0013917278998978,0.0,-0.036416073597377106,0.036416073597377106,0.0244602620653089
2025-02-13,600000.SH,600000,0.0,0.001392808741009,0.0,-0.036416073597377106,0.036416073597377106,-0.0058202824034631
2025-02-14,600000.SH,600000,0.0,0.0013934575792536,0.0,-0.036416073597377106,0.036416073597377106,-0.0061665779630696
2025-02-15,600000.SH,600000,0.0,0.0013976326375251,0.0,-0.036416073597377106,0.036416073597377106,-0.0107676913297877
2025-02-16,600000.SH,600000,0.0,0.0014003781069628,0.0,-0.036416073597377106,0.036416073597377106,-0.0067878701850628
2025-02-19,600000.SH,600000,0.0,0.0013928204920873,0.0,-0.036416073597377106,0.036416073597377106,-0.0075921968950066
2025-02-20,600000.SH,600000,0.0,0.0014009641632374,0.0,-0.036416073597377106,0.036416073597377106,0.0059207956731557
2025-02-21,600000.SH,600000,0.0,0.0014211863264017,0.0,-0.036416073597377106,0.036416073597377106,0.0057200655471334
2025-02-22,600000.SH,600000,0.0,0.0014043107205153,0.0,-0.036416073597377106,0.036416073597377106,-0.00910120342745
2025-02-23,600000.SH,600000,0.0,0.0013824869132209,0.0,-0.02909210041614867,0.02909210041614867,-0.0011333143727972
2025-02-26,600000.SH,600000,0.0,0.0013982084721613,0.0,-0.02909210041614867,0.02909210041614867,-0.0037437401194733
2025-02-27,600000.SH,600000,0.0,0.0014125277581951,0.0,-0.02909210041614867,0.02909210041614867,0.0136344009530111
2025-02-28,600000.SH,600000,0.0,0.0014069342275172,0.0,-0.02909210041614867,0.02909210041614867,-0.0107916225770193
2025-03-01,600000.SH,600000,0.0,0.0014028136888315,0.0,-0.02909210041614867,0.02909210041614867,-0.000920698430561
2025-03-02,600000.SH,600000,0.0,0.0013985239719984,0.0,-0.02909210041614867,0.02909210041614867,-0.0031741287183141
2025-03-05,600000.SH,600000,0.0,0.0013974167587388,0.0,-0.02909210041614867,0.02909210041614867,0.0048763535622726
2025-03-06,600000.SH,600000,0.0,0.0013937626260203,0.0,-0.02909210041614867,0.02909210041614867,-0.0028657543894571
2025-03-07,600000.SH,600000,0.0,0.001393597713758,0.0,-0.02909210041614867,0.02909210041614867,0.0115294294637999
2025-03-08,600000.SH,600000,0.0,0.0013962778748499,0.0,-0.02909210041614867,0.02909210041614867,0.0217321787699706
2025-03-09,600000.SH,600000,0.0,0.0014034341548068,0.0,-0.02909210041614867,0.02909210041614867,0.0187993374632822
2025-03-12,600000.SH,600000,0.0,0.0013799136450354,0.0,-0.02909210041614867,0.02909210041614867,0.0015741550084316
2025-03-13,600000.SH,600000,0.0,0.0014290316355035,0.0,-0.02909210041614867,0.02909210041614867,0.0013541339794818
2025-03-14,600000.SH,600000,0.0,0.0014262021444473,0.0,-0.02909210041614867,0.02909210041614867,-0.0003928968443228
2025-03-15,600000.SH,600000,0.0,0.0014096385295236,0.0,-0.02909210041614867,0.02909210041614867,-0.0172662167374764
2025-03-16,600000.SH,600000,0.0,0.0014034005989267,0.0,-0.02909210041614867,0.02909210041614867,0.0108614549699577
2025-03-19,600000.SH,600000,0.0,0.0013952915964183,0.0,-0.02909210041614867,0.02909210041614867,0.0002007255787532
2025-03-20,600000.SH,600000,0.0,0.0013962787755967,0.0,-0.02909210041614867,0.02909210041614867,-0.012595029953377
2025-03-21,600000.SH,600000,0.0,0.0014014403286056,0.0,-0.02909210041614867,0.02909210041614867,0.0123815131978128
2025-03-22,600000.SH,600000,0.0,0.0013719925200168,0.0,-0.02909210041614867,0.02909210041614867,-0.0145842500474845
2025-03-23,600000.SH,600000,0.0,0.0013693236864969,0.0,-0.029224434944822564,0.029224434944822564,-0.0010298117269966
2025-03-26,600000.SH,600000,0.0,0.0013723586157985,0.0,-0.029224434944822564,0.029224434944822564,-0.0090734584607204
2025-03-27,600000.SH,600000,0.0,0.0013947408003529,0.0,-0.029224434944822564,0.029224434944822564,0.0154012179262252
2025-03-28,600000.SH,600000,0.0,0.0013804717914857,0.0,-0.029224434944822564,0.029224434944822564,-0.0031720804103785
2025-03-29,600000.SH,600000,0.0,0.0013614224789618,0.0,-0.029224434944822564,0.029224434944822564,-0.0822422722964654
2025-04-02,600000.SH,600000,0.0,0.0013815431059451,0.0,-0.029224434944822564,0.029224434944822564,0.064469660232324
2025-04-03,600000.SH,600000,0.0,0.0014025657109501,0.0,-0.029224434944822564,0.029224434944822564,-0.023028965524986
2025-04-04,600000.SH,600000,0.0,0.0014300575881206,0.0,-0.029224434944822564,0.029224434944822564,-0.0014695870946689
2025-04-05,600000.SH,600000,0.0,0.0014176355482925,0.0,-0.029224434944822564,0.029224434944822564,0.0109478604174655
2025-04-06,600000.SH,600000,0.0,0.0014499505006753,0.0,-0.029224434944822564,0.029224434944822564,0.0086161005197527
2025-04-09,600000.SH,600000,0.0,0.0014352474930835,0.0,-0.029224434944822564,0.029224434944822564,0.0308363098230535
2025-04-10,600000.SH,600000,0.0,0.0014496256585591,0.0,-0.029224434944822564,0.029224434944822564,0.014766330770717
2025-04-11,600000.SH,600000,0.0,0.0014287072912143,0.0,-0.029224434944822564,0.029224434944822564,0.0114085427037604
2025-04-12,600000.SH,600000,0.0,0.0014275159993206,0.0,-0.029224434944822564,0.029224434944822564,0.0076586176016226
2025-04-13,600000.SH,600000,0.0,0.0014355175121066,0.0,-0.029224434944822564,0.029224434944822564,-0.0256295025720285
2025-04-16,600000.SH,600000,0.0,0.0014123995419743,0.0,-0.029224434944822564,0.029224434944822564,0.0165514416676961
2025-04-17,600000.SH,600000,0.0,0.0013986910476529,0.0,-0.029224434944822564,0.029224434944822564,-0.0043132722046811
2025-04-18,600000.SH,600000,0.0,0.0013986240281782,0.0,-0.029224434944822564,0.029224434944822564,0.004902265456784
2025-04-19,600000.SH,600000,0.0,0.0014023035169357,0.0,-0.029224434944822564,0.029224434944822564,-0.0120339240650197
2025-04-20,600000.SH,600000,0.0,0.0014005519399409,0.0,-0.029224434944822564,0.029224434944822564,0.0157224261827679
2025-04-23,600000.SH,600000,0.0,0.0013759592292964,0.0,-0.0350201001676475,0.0350201001676475,0.0069484448138665
2025-04-24,600000.SH,600000,0.0,0.0013845725909267,0.0,-0.0350201001676475,0.0350201001676475,0.0117291414803815
2025-04-25,600000.SH,600000,0.0,0.0013859740958246,0.0,-0.0350201001676475,0.0350201001676475,0.0194097177892198
2025-05-01,600000.SH,600000,0.0,0.0014226034119109,0.0,-0.0350201001676475,0.0350201001676475,0.0191464771823088
2025-05-02,600000.SH,600000,0.0,0.0014202079151559,0.0,-0.0350201001676475,0.0350201001676475,0.0228390990627604
2025-05-03,600000.SH,600000,0.0,0.0014077663962489,0.0,-0.0350201001676475,0.0350201001676475,0.0146531147107158
2025-05-04,600000.SH,600000,0.0,0.0013589498055471,0.0,-0.0350201001676475,0.0350201001676475,-0.0032900398024626
2025-05-07,600000.SH,600000,0.0,0.0013817117513935,0.0,-0.0350201001676475,0.0350201001676475,0.0284462282114945
2025-05-08,600000.SH,600000,0.0,0.0013505709943353,0.0,-0.0350201001676475,0.0350201001676475,0.0052352042891568
2025-05-09,600000.SH,600000,0.0,0.0013966786522557,0.0,-0.0350201001676475,0.0350201001676475,0.0121999091154891
2025-05-10,600000.SH,600000,0.0,0.0013664638851277,0.0,-0.0350201001676475,0.0350201001676475,-0.0137068025292401
2025-05-11,600000.SH,600000,0.0,0.0013676263255261,0.0,-0.0350201001676475,0.0350201001676475,-0.0093906260781788
2025-05-14,600000.SH,600000,0.0,0.0013978323181626,0.0,-0.0350201001676475,0.0350201001676475,0.0263172302363052
2025-05-15,600000.SH,600000,0.0,0.0014013068193574,0.0,-0.0350201001676475,0.0350201001676475,-0.0031984130776837
2025-05-16,600000.SH,600000,0.0,0.0014267590901746,0.0,-0.0350201001676475,0.0350201001676475,0.0142675013599224
2025-05-17,600000.SH,600000,0.0,0.0014242399392096,0.0,-0.0350201001676475,0.0350201001676475,-0.0144279814221431
2025-05-18,600000.SH,600000,0.0,0.0014163626676681,0.0,-0.0350201001676475,0.0350201001676475,-0.0174117984906939
2025-05-21,600000.SH,600000,0.0,0.0014045230264953,0.0,-0.0350201001676475,0.0350201001676475,0.0132697285980065
2025-05-22,600000.SH,600000,0.0,0.0013799519447053,0.0,-0.0350201001676475,0.0350201001676475,-8.081548410021622e-05
2025-05-23,600000.SH,600000,0.0,0.0013588078387158,0.0,-0.0350201001676475,0.0350201001676475,-0.0054245899016219
2025-05-24,600000.SH,600000,0.0,0.001377394058882,0.0,-0.03376361923328466,0.03376361923328466,0.017481020256888
2025-05-25,600000.SH,600000,0.0,0.0013647151102757,0.0,-0.03376361923328466,0.03376361923328466,0.0166416910937361
2025-05-29,600000.SH,600000,0.0,0.0013741393218254,0.0,-0.03376361923328466,0.03376361923328466,-0.0105798795209024
2025-05-30,600000.SH,600000,0.0,0.001383228439269,0.0,-0.03376361923328466,0.03376361923328466,-0.0097969051211241
2025-05-31,600000.SH,600000,0.0,0.0013723904576089,0.0,-0.03376361923328466,0.03376361923328466,-0.0001212870750357
2025-06-01,600000.SH,600000,0.0,0.0013885025041213,0.0,-0.03376361923328466,0.03376361923328466,-9.847316845112974e-05
2025-06-04,600000.SH,600000,0.0,0.0013851678421331,0.0,-0.03376361923328466,0.03376361923328466,0.0030848864102428
2025-06-05,600000.SH,600000,0.0,0.0014071635129509,0.0,-0.03376361923328466,0.03376361923328466,0.0048052495234327
2025-06-06,600000.SH,600000,0.0,0.0013895715239713,0.0,-0.03376361923328466,0.03376361923328466,0.0069311961376081
2025-06-07,600000.SH,600000,0.0,0.0014022130626842,0.0,-0.03376361923328466,0.03376361923328466,-0.0122700682411655
2025-06-08,600000.SH,600000,0.0,0.0014098628687578,0.0,-0.03376361923328466,0.03376361923328466,0.0213020288057643
2025-06-11,600000.SH,600000,0.0,0.0014008362146947,0.0,-0.03376361923328466,0.03376361923328466,-0.0024055458369051
2025-06-12,600000.SH,600000,0.0,0.0013851103269442,0.0,-0.03376361923328466,0.03376361923328466,0.0189064078677831
2025-06-13,600000.SH,600000,0.0,0.0013916438004312,0.0,-0.03376361923328466,0.03376361923328466,-0.0038447060917616
2025-06-14,600000.SH,600000,0.0,0.0014021793455213,0.0,-0.03376361923328466,0.03376361923328466,0.0255554706360805
2025-06-15,600000.SH,600000,0.0,0.0013812278169323,0.0,-0.03376361923328466,0.03376361923328466,0.0183820765077182
2025-06-18,600000.SH,600000,0.0,0.0013826386947003,0.0,-0.03376361923328466,0.03376361923328466,0.0028469467029643
2025-06-19,600000.SH,600000,0.0,0.0014035974644265,0.0,-0.03376361923328466,0.03376361923328466,0.0117649795399876
2025-06-20,600000.SH,600000,0.0,0.0014026657517665,0.0,-0.03376361923328466,0.03376361923328466,0.0103132458640538
2025-06-21,600000.SH,600000,0.0,0.0013761598715927,0.0,-0.03376361923328466,0.03376361923328466,-0.0062931038471016
2025-06-22,600000.SH,600000,0.0,0.0013597469203878,0.0,-0.03213794439860059,0.03213794439860059,0.02884186776629
2025-06-25,600000.SH,600000,0.0,0.0013802331817594,0.0,-0.03213794439860059,0.03213794439860059,0.0196515614245968
2025-06-26,600000.SH,600000,0.0,0.0014075441057765,0.0,-0.03213794439860059,0.03213794439860059,0.0032372320856517
2025-06-27,600000.SH,600000,0.0,0.0013876755384347,0.0,-0.03213794439860059,0.03213794439860059,0.0008693311281289
2025-06-28,600000.SH,600000,0.0,0.0013861600383272,0.0,-0.03213794439860059,0.03213794439860059,0.0075164924180131
2025-06-29,600000.SH,600000,0.0,0.0013676052892355,0.0,-0.03213794439860059,0.03213794439860059,0.0
2025-07-02,600000.SH,600000,0.0,0.0013945336024212,0.0,-0.03213794439860059,0.03213794439860059,-0.0079713239899122
2025-07-03,600000.SH,600000,0.0,0.0013862745262174,0.0,-0.03213794439860059,0.03213794439860059,-0.0053934860803089
2025-07-04,600000.SH,600000,0.0,0.0014018998813419,0.0,-0.03213794439860059,0.03213794439860059,0.0071879855778953
2025-07-05,600000.SH,600000,0.0,0.0013766325901796,0.0,-0.03213794439860059,0.03213794439860059,-0.0291409229108241
2025-07-06,600000.SH,600000,0.0,0.0013969508163465,0.0,-0.03213794439860059,0.03213794439860059,0.0212616017027149
2025-07-09,600000.SH,600000,0.0,0.0013874120882071,0.0,-0.03213794439860059,0.03213794439860059,-0.0119637643514484
2025-07-10,600000.SH,600000,0.0,0.0014126560121031,0.0,-0.03213794439860059,0.03213794439860059,-0.0056663387479058
2025-07-11,600000.SH,600000,0.0,0.0013795605036818,0.0,-0.03213794439860059,0.03213794439860059,-0.0009415659591136
2025-07-12,600000.SH,600000,0.0,0.0013857653559832,0.0,-0.03213794439860059,0.03213794439860059,0.0031009046225345
2025-07-13,600000.SH,600000,0.0,0.0013990999184864,0.0,-0.03213794439860059,0.03213794439860059,0.0003507131835698
2025-07-16,600000.SH,600000,0.0,0.0013794433103631,0.0,-0.03213794439860059,0.03213794439860059,-0.0172129595178807
2025-07-17,600000.SH,600000,0.0,0.0013911060533383,0.0,-0.03213794439860059,0.03213794439860059,0.0066553627525995
2025-07-18,600000.SH,600000,0.0,0.0013949128540415,0.0,-0.03213794439860059,0.03213794439860059,-0.0244622907557424
2025-07-19,600000.SH,600000,0.0,0.0014006202905562,0.0,-0.03213794439860059,0.03213794439860059,0.0044719745715822
2025-07-20,600000.SH,600000,0.0,0.001414798692123,0.0,-0.035548204656884096,0.035548204656884096,0.0013358270796393
2025-07-23,600000.SH,600000,0.0,0.001408109179719,0.0,-0.035548204656884096,0.035548204656884096,-0.0253441827213937
2025-07-24,600000.SH,600000,0.0,0.0014200339143214,0.0,-0.035548204656884096,0.035548204656884096,0.0099323763018452
2025-07-25,600000.SH,600000,0.0,0.0014175323207344,0.0,-0.035548204656884096,0.035548204656884096,-0.0039991298281841
2025-07-26,600000.SH,600000,0.0,0.0014146514434605,0.0,-0.035548204656884096,0.035548204656884096,0.0039068218466333
2025-07-27,600000.SH,600000,0.0,0.0014120912599017,0.0,-0.035548204656884096,0.035548204656884096,0.0176597462769396
2025-07-30,600000.SH,600000,0.0,0.0014215769351776,0.0,-0.035548204656884096,0.035548204656884096,0.0452814444862674
2025-07-31,600000.SH,600000,0.0,0.0013918828264755,0.0,-0.035548204656884096,0.035548204656884096,0.0061773240529192
2025-08-01,600000.SH,600000,0.0,0.001459853968811,0.0,-0.035548204656884096,0.035548204656884096,0.0076715397331841
2025-08-02,600000.SH,600000,0.0,0.0014317319118363,0.0,-0.035548204656884096,0.035548204656884096,0.0
2025-08-03,600000.SH,600000,0.0,0.0014137009196093,0.0,-0.035548204656884096,0.035548204656884096,0.0
2025-08-06,600000.SH,600000,0.0,0.0014024850758206,0.0,-0.035548204656884096,0.035548204656884096,-0.0015827395235794
2025-08-07,600000.SH,600000,0.0,0.0014072299625389,0.0,-0.035548204656884096,0.035548204656884096,-0.0039973322332228
2025-08-08,600000.SH,600000,0.0,0.001394058546097,0.0,-0.035548204656884096,0.035548204656884096,0.0012793459919817
2025-08-09,600000.SH,600000,0.0,0.0014196618804742,0.0,-0.035548204656884096,0.035548204656884096,-0.0163233773626301
2025-08-10,600000.SH,600000,0.0,0.0013956890012764,0.0,-0.035548204656884096,0.035548204656884096,0.0014957320733697
2025-08-13,600000.SH,600000,0.0,0.0014308164469667,0.0,-0.035548204656884096,0.035548204656884096,0.0045176938130724
2025-08-14,600000.SH,600000,0.0,0.0014286897698142,0.0,-0.035548204656884096,0.035548204656884096,0.0020715316816717
2025-08-15,600000.SH,600000,0.0,0.0013963528208367,0.0,-0.035548204656884096,0.035548204656884096,0.0024062955892798
2025-08-16,600000.SH,600000,0.0,0.0014169959076116,0.0,-0.035548204656884096,0.035548204656884096,0.0103471160703296
2025-08-17,600000.SH,600000,0.0,0.0014161093398663,0.0,-0.02924800853339829,0.02924800853339829,0.0
2025-08-20,600000.SH,600000,0.0,0.0013955415469406,0.0,-0.02924800853339829,0.02924800853339829,0.0
2025-08-21,600000.SH,600000,0.0,0.0014127201297228,0.0,-0.02924800853339829,0.02924800853339829,-0.012858448498768
2025-08-22,600000.SH,600000,0.0,0.0014015152175245,0.0,-0.02924800853339829,0.02924800853339829,0.0085884423526556
2025-08-23,600000.SH,600000,0.0,0.0014154422335823,0.0,-0.02924800853339829,0.02924800853339829,-0.0135714126746797
2025-08-24,600000.SH,600000,0.0,0.0013769500413244,0.0,-0.02924800853339829,0.02924800853339829,-0.0142679889485821
