trade_date,gross,net,turnover,lev_overlay,eq_gross,eq_net
2024-06-06,0.02527175536842105,0.02477175536842105,1.0,1.0,1.025271755368421,1.024771755368421
2024-06-07,0.027234037142857142,0.02709118,0.2857142857142857,1.0,1.053194044435647,1.0525340314520228
2024-06-11,0.011419974399999998,0.01138783154285714,0.06428571428571428,1.0,1.0652214934613347,1.0645201116953227
2024-06-12,-0.019148555323529413,-0.01916620238235294,0.035294117647058865,1.0,1.0448240407619775,1.0441173037944853
2024-06-13,-0.0011701239795918368,-0.0012112404261704682,0.08223289315726293,1.0,1.0436014670974278,1.0428526267064653
2024-06-14,-0.010377244985590778,-0.010403740309945304,0.05299064870905132,1.0,1.032771759006036,1.0320030587966669
2024-06-17,0.005644853229757086,0.00561622000570827,0.05726644809763268,1.0,1.038601604005463,1.0377990150214327
2024-06-18,-0.0038492757302762736,-0.0038766346554357204,0.05471785031889362,1.0,1.0346037400577388,1.0337758473944234
2024-06-19,-0.023475870763368715,-0.023503418515639155,0.05509550454087728,1.0,1.0103155163648454,1.0094785810017528
2024-06-20,0.009507818002225478,0.009480382358677545,0.05487128709586633,1.0,1.0199214124192668,1.0190488239325446
2024-06-21,-0.014905872046707597,-0.014913462323649995,0.03414864926415023,0.4445433190450735,1.0047185943480479,1.0038512776908668
2024-06-24,-0.0054267702992759955,-0.005430928222962503,0.02297840209282552,0.3618984183244194,0.9992662173211097,0.9983994334551984
2024-06-25,0.008225740377323055,0.008222482569553793,0.01628527727063518,0.40009239205728026,1.0074859217926229,1.0066087553942362
2024-06-26,-0.0013479555999098068,-0.001350315344914199,0.011970596684785756,0.39425687232304,1.0061278755025123,1.0052495161455024
2024-06-27,-0.0017204252089700665,-0.001722277858331382,0.009037056986528444,0.41001165845852994,1.0043969077420503,1.0035181971617466
2024-06-28,0.02343926067581329,0.023437781603427185,0.006960808205529828,0.42497145228918626,1.027939228684597,1.0270384375018886
2024-07-01,0.017052133894451937,0.017027975118464597,0.14186067088242604,0.34059864283827535,1.0454677860474866,1.0445268224613775
2024-07-02,-0.0013569350775190885,-0.0013645499137103793,0.049126509705188004,0.31000924905873206,1.0440491541361825,1.0431015134759196
2024-07-03,-0.006306232059440716,-0.006311192111536194,0.03118796657969486,0.3180747345488785,1.037465137888737,1.036518299432539
2024-07-04,-0.004633692921277935,-0.004637072519703735,0.021258287883641036,0.3179558433207992,1.0326578430232294,1.0317118889100705
2024-07-05,-0.014360585466647417,-0.014362989648670844,0.01520095947001572,0.3163197728630706,1.0178282718106906,1.0168934217292445
2024-07-08,0.004326323921372353,0.004324635558386334,0.011245683283074265,0.30026863526567593,1.0222317266108742,1.021291115179944
2024-07-09,-0.005460441033039015,-0.005479358319025781,0.12991861896711032,0.2912174734793574,1.0166498905456138,1.0156950952118355
2024-07-10,0.0160023901190669,0.015994749713536056,0.049872481082192416,0.3063976511716863,1.0329187187086315,1.031940884045015
2024-07-11,0.001082781570726358,0.001078402156122167,0.031577784170541634,0.2773731418606989,1.0340371440613074,1.0330537313193597
2024-07-12,-0.006306300659266744,-0.006318539586505766,0.08827280785567504,0.2772977893493947,1.0275161949380074,1.026526340423031
2024-07-15,-0.0012341872941438053,-0.0012394059004334633,0.038195987361449524,0.27325416359967053,1.0262480475056879,1.0252540576197602
2024-07-16,0.0011043513473395447,0.001093724723436921,0.0777403188549422,0.2733877107566856,1.0273813859196552,1.026375403330383
2024-07-17,0.0057114119895382755,0.005706365693614251,0.03692233931805067,0.2733464898069124,1.033249184285025,1.0322322767207168
2024-07-18,-0.0028357386002749187,-0.002846710880656749,0.07968948268194087,0.2753758717602284,1.0303191596894454,1.0292938098672109
2024-07-19,-9.720232556188024e-05,-0.0001045007844859146,0.05316351687601914,0.27456644529574153,1.0302190102710527,1.0291862478566134
2024-07-22,-0.007421351453426387,-0.007426134089110798,0.033278266288135766,0.2874329836176461,1.0225733929218301,1.0215433727773615
2024-07-23,-0.0042637702526009446,-0.004274642568100265,0.08233308102047862,0.26410563930229053,1.018213374907989,1.0171766399909266
2024-07-24,0.0005539026652958231,0.0005469725412440836,0.05151947267144541,0.2690293084300328,1.0187773660101904,1.0177330076825966
2024-07-25,0.0025776098890153832,0.002573022729011558,0.03243266825915517,0.28287281004272125,1.0214033766235233,1.020351657843429
2024-07-26,0.0010405520224367759,0.0010374465426337262,0.021985824763102735,0.28249836760833286,1.0224661999727926,1.0214102181431293
2024-07-29,0.008153284182527384,0.008150776923986707,0.015661529710730884,0.32018054264003626,1.0308026574681997,1.0297355049790946
2024-07-30,0.0074596089189034554,0.007457562478440745,0.011554555431077876,0.3542222762124736,1.0384920421654789,1.037414821843745
2024-07-31,-0.0006817466455929052,-0.0006832518993260376,0.00874691320646974,0.3441794145205345,1.0377840536992575,1.0367060061963311
2024-08-01,-0.00161046203695566,-0.0016116478284234365,0.006751419130247141,0.35127176817211553,1.0361127418782168,1.0350352012127313
2024-08-02,-0.009483263892448813,-0.009484203291787003,0.005289740136758536,0.3551778778928394,1.026287011324657,1.025218716950274
2024-08-05,0.016895304700761313,0.01689449217733396,0.004193313325290479,0.3875328955034852,1.0436264430914208,1.0425392665438469
2024-08-06,-0.007552384303612767,-0.0075529732683935055,0.003355099298156694,0.35108634850960707,1.035744575123782,1.0346649953323905
2024-08-07,0.02645648607014716,0.026429710631165903,0.1535897397896102,0.3486618183992626,1.0631467370477747,1.0620108917592224
2024-08-08,-0.004480349635434638,-0.0044876900604960395,0.04840677299960988,0.30328090911824546,1.0583834679520292,1.0572449160361361
2024-08-09,-0.0017435563536086318,-0.001753014867257424,0.06322959745657855,0.29917994196586795,1.056538116731927,1.0553915499799924
2024-08-12,-0.00130742801724511,-0.001315757078204645,0.05429910340793928,0.3067844747623296,1.0551567691968242,1.0540029110778288
2024-08-13,-0.0009231220705531405,-0.000928316509477509,0.03385792400054566,0.30683741414770355,1.0541827306952851,1.0530244627744378
2024-08-14,0.004129619095589687,0.004116674665479916,0.08452690630812301,0.3062795191530106,1.0585361038302052,1.057359421902472
2024-08-15,-0.0036285467189001116,-0.0036343795401138513,0.037743132387379724,0.3090798693587155,1.054695156123815,1.053516576452963
2024-08-16,0.0026840923512080526,0.002680232451339096,0.025020230867428703,0.30854230637662566,1.057526055325223,1.056340245769196
2024-08-19,-0.0076258479244549725,-0.0076412403798192426,0.09985976817150834,0.3082814159518968,1.049461522451164,1.0482684960283961
2024-08-20,-0.0035865951653213926,-0.0035927146113336923,0.03959575243887167,0.3090960840684652,1.04569752882855,1.0445023664861142
2024-08-21,-0.008171937615976666,-0.008175992586522914,0.026053836123178145,0.3112762763286065,1.0371521538577821,1.035962522881118
2024-08-22,-0.0027711824241346207,-0.002773747781428794,0.01818568825114139,0.2821292500724782,1.034278016037858,1.033089024131633
2024-08-23,0.007062957264373935,0.007060979553806128,0.013222708546524423,0.29913849508946666,1.0415830774646149,1.0403836446082881
2024-08-26,-0.00845783931184269,-0.008473557684044428,0.12494171058993728,0.25161128541493705,1.0327735351654845,1.0315678937821635
2024-08-27,0.002921465643694004,0.002914704858435994,0.05018737062867823,0.2694217757702979,1.035790747566187,1.034574609733977
2024-08-28,0.0021105635504797826,0.0021059745988248587,0.03174184107096217,0.2891421228318197,1.0379768497639241,1.0367533975826657
2024-08-29,0.007123868872943636,0.007120738687394419,0.02158283106508939,0.2900625538676335,1.0453712607347934,1.0441358476101201
2024-08-30,-0.00199010528117875,-0.001992290814535988,0.01540677083069042,0.283710763437186,1.0432908618680126,1.0420556253517987
2024-09-02,0.0036538846134308283,0.0036364310657657755,0.11975586933723599,0.2914854655833708,1.0471029262955251,1.045844988800084
2024-09-03,-0.0005088163518227168,-0.0005153865293667302,0.041994753940428675,0.31290468106246794,1.0465701432045844,1.0453059743810507
2024-09-04,0.0013106072312618466,0.001306227772935947,0.027374282056103413,0.3199688172222251,1.047941785602291,1.046671382076003
2024-09-05,0.00616394281306523,0.006159416526190364,0.018987413877006254,0.476767073618977,1.0544012388401651,1.0531182670842525
2024-09-06,-0.0021289955226892064,-0.002132255873285271,0.01374422258688196,0.47443215874227695,1.0521564233235565,1.050872749473998
2024-09-09,-0.0043527642762199465,-0.004382136294130943,0.12367540898351188,0.47498557962984966,1.0475766344311184,1.0462676818580148
2024-09-10,-0.003147284698744412,-0.0031573126907871165,0.04246654678769793,0.47227725356796835,1.0442796125188112,1.042964287628124
2024-09-11,0.03543023020092059,0.035413403655378775,0.07144374519191737,0.4710432101962413,1.0812786795844809,1.0798992029440433
2024-09-12,-0.013595031486548101,-0.01360088619218675,0.0361604857251033,0.3238178647907082,1.0665786618897968,1.0652116167857681
2024-09-13,-0.013500925959884625,-0.013512204343194464,0.08067076563532039,0.2796151299919995,1.0521788623452297,1.0508182597510143
2024-09-18,0.007328986877181098,0.007323814792148984,0.03733489973634774,0.2770643590119602,1.0598902674198052,1.058514258065639
2024-09-19,-0.003609087913982896,-0.0036124942666688753,0.024790792675749976,0.2748078877938601,1.0560650302655124,1.0546903813771897
2024-09-20,-0.0022883024536120592,-0.002290601981853458,0.017410953678388824,0.26414730449293256,1.0536484340655818,1.0522745054993654
2024-09-23,0.005492335548169272,0.0054761681282219235,0.11524728266886887,0.2805692173029648,1.059435424815273,1.0580369376085215
2024-09-24,0.003859425925642661,0.0038523505784597875,0.05080762881251949,0.2785151501158165,1.0635242373603493,1.0621128668171496
2024-09-25,0.009619361548844556,0.009614842850004328,0.03206414638613936,0.28185368079421363,1.0737546615154776,1.072324915120564
2024-09-26,0.01691326851414308,0.016900749510707885,0.08746266439132616,0.286270799599289,1.0919153624240017,1.0904480099051077
2024-09-27,0.03761623915531593,0.03761127984126287,0.0380980586811388,0.2603447117642427,1.1329891118343063,1.131461155157997
2024-09-30,0.02852970789824091,0.028527450006295772,0.025219211709071016,0.17906126259495359,1.1653129602468264,1.1637388566958324
2024-10-08,-0.010560299700355503,-0.010564260001026783,0.09948815648146184,0.07961351001651014,1.1530069061419115,1.1514448168404
2024-10-09,0.0014083772016427745,0.0014062544083709798,0.051835778657668474,0.0819045580780778,1.1546307747818585,1.1530640411900777
2024-10-10,-0.0017598488663139419,-0.0017607176580930182,0.05874053477926289,0.02958065609518233,1.1525987991218474,1.1510338209718423
2024-10-11,0.0016572797484602348,0.0016558206444509838,0.05461396720946676,0.05343336453309994,1.1545089777697315,1.1529397265350687
2024-10-14,-0.00022486937030456855,-0.00022623868172460182,0.055224962158423235,0.04959030722755859,1.1542493640628895,1.1526788869712294
2024-10-15,0.00011980869506013965,0.00011839921203056174,0.05486212248606273,0.05138273787843241,1.154387653172972,1.1528153632431712
2024-10-16,3.639191892560003e-05,3.496426326777884e-05,0.054915947646123675,0.05199421002514436,1.154429663554855,1.1528556705830308
2024-10-17,0.0037709544134325477,0.0037685517574140475,0.05488400147992201,0.08755396668297344,1.1587829651896346,1.1572002668464512
2024-10-18,0.0023377192794506473,0.0023348045015678266,0.05488874129774832,0.10620676714043631,1.1614918744680576,1.1599021032386998
2024-10-21,0.0038490390636753795,0.003845797267828684,0.054885928272683265,0.11812848752742458,1.1659625020650266,1.164362851578284
2024-10-22,-0.0007031259972571486,-0.000706431084054022,0.05488634564426462,0.12043384408554751,1.1651426835179977,1.1635403094668113
2024-10-23,-0.002482639093430792,-0.0024858869748921584,0.054886097940312045,0.11834987668091099,1.162250054742471,1.1606478797667457
2024-10-24,0.002298525207544661,0.0022951660479218618,0.05488613469246373,0.12240467074685342,1.1649215157907669,1.1633117593739788
2024-10-25,0.004270282919978945,0.004268178850219322,0.03415617353991521,0.12320289666897319,1.1698960602427642,1.1682769820215502
2024-10-28,-0.004572652770463454,-0.004574074031660946,0.02298272834621809,0.12368080726368612,1.1645465317817407,1.1629331966162981
2024-10-29,0.0009532189159479148,0.0009522332055434549,0.01628798450027512,0.12103528271936236,1.1656565995643366,1.164040580221945
2024-10-30,0.0027075189436990012,0.0027067947878038137,0.01197239681812734,0.12097091437717723,1.1688126368895047,1.1671913991972818
2024-10-31,-0.0049809888466641,-0.00498151969770237,0.009038309428025373,0.11746688747436422,1.162990794181318,1.1613770122511917
2024-11-01,0.0009941173326412365,0.0009859514069737222,0.13584882464045697,0.12022077760520256,1.164146943487516,1.1625220735504476
2024-11-04,0.007856837594061165,0.007853794497577888,0.043929887815093105,0.1385433305036633,1.17329345695812,1.171652283015011
2024-11-05,0.01296132858148687,0.012955208152960578,0.06936480917318033,0.17647070897321543,1.1885008989762629,1.1868312822243616
2024-11-06,0.010662164760932917,0.01065598697077286,0.05387238140538489,0.22934906528700316,1.2011728913796647,1.1994781409042503
2024-11-07,-0.006908709629102577,-0.0069149646714979605,0.05615322901035352,0.22278478034556212,1.1928743366587728,1.1911837919356634
2024-11-08,0.0030794154804413628,0.0030752709216869518,0.0343095816557788,0.2415977435104065,1.1965476923573013,1.194847004813388
2024-11-11,-0.004236799687367634,-0.004239612733098584,0.023070884968802274,0.24386110326973293,1.1914781594684014,1.1897813162376765
2024-11-12,0.0006310007438907494,0.0006290389745795297,0.016343128671208323,0.2400726752737113,1.1922299830733556,1.1905297350568165
2024-11-13,-0.012972893744108014,-0.012985769853215784,0.11762164315383425,0.21894115338842166,1.1767633101844053,1.1750697899139588
2024-11-14,-0.005245972491407504,-0.005249271551344608,0.050654865579634306,0.130256388970869,1.1705900422302804,1.168901529494919
2024-11-15,-0.0024940345702387755,-0.0024964546037862566,0.06026717484354202,0.08031017062816612,1.1676705501973808,1.1659834198902386
2024-11-18,0.0036604090699042936,0.003657065286733822,0.05450663663856825,0.12269269860270335,1.1719447020699836,1.1702474973800263
2024-11-19,0.0052307850879068545,0.005227903217306758,0.033963474597144966,0.16970410915134232,1.1780748929414226,1.1763654380366246
2024-11-20,0.0009361631982478775,0.0009341571500143345,0.022871860909215502,0.17541626730814727,1.1791777633009741,1.1774643482215963
2024-11-21,-0.004093407038369936,-0.00409905466723546,0.0888431775149374,0.1271370300679311,1.1743509087451887,1.172637857489515
2024-11-22,0.0036299702584691616,0.003626351942418967,0.04564068052851197,0.15855662134283485,1.17861376761694,1.1768902550617761
2024-11-25,0.0007877933435443801,0.0007821772340687193,0.06698148863631623,0.16769139026318447,1.1795422716976782,1.1778107918262828
2024-11-26,0.0029758668324292676,0.0029723570792786628,0.03562042779758734,0.19706406506678079,1.1830524324214717,1.1813116660714182
2024-11-27,0.006601649493507284,0.006593046697887905,0.08097826295805272,0.21247172525383734,1.1908625299127595,1.1891001090505868
2024-11-28,0.002869198166183627,0.0028635935911620865,0.053183716669291115,0.21076281886770093,1.1942793504997622,1.1925052085021142
2024-11-29,0.031972061177947875,0.03196575461471802,0.057021797432588284,0.2211983316489157,1.2324629229575006,1.230624537373866
2024-12-02,-0.0033671055858096118,-0.003369935479606693,0.03441473895629782,0.1644582456763609,1.228313090165307,1.2264774120832953
2024-12-03,-0.008910448382643692,-0.008917244536347062,0.08167129705207765,0.16642698104903242,1.2173682697776635,1.2155406130814426
2024-12-04,0.0007603800408168003,0.0007571892465927315,0.037965376484130425,0.1680896922174613,1.2182939323123263,1.2164610073624647
2024-12-05,0.0032653615927771707,0.0032586284945697315,0.07809069214917039,0.1724430408320121,1.2222721025276124,1.220425001863589
2024-12-06,-0.0030775903707784312,-0.0030808171553293336,0.036964724271600885,0.17458723766980389,1.2185104496744024,1.2166650955810547
2024-12-09,0.0009756272910167743,0.0009734919588728923,0.024582210149881364,0.17372987464208547,1.2196992617234939,1.2178495092682442
2024-12-10,0.004381696678671703,0.00437403330803533,0.08771001350755402,0.17474334639596487,1.225043613927566,1.223176423585958
2024-12-11,0.0025580493472116715,0.002554404189767229,0.04197005253275579,0.1737027820776682,1.2281773359444792,1.2263009105671903
2024-12-12,-0.003940129344220887,-0.003942661552984943,0.027360786710164037,0.18509765752570373,1.2233381583832175,1.2214660211147066
2024-12-13,0.0023067890364189634,0.002304989019166483,0.018979261541456113,0.1896825383378249,1.226160141434809,1.2242814868806609
2024-12-16,-0.005553261100271587,-0.005564189324662223,0.11186695643735257,0.1953789526177999,1.2193509540186755,1.217469352900978
2024-12-17,-0.0025445459465263482,-0.0025484793439542416,0.041044316670172665,0.19166587469353336,1.2162482594912343,1.2143666574032126
2024-12-18,-0.005777476207754157,-0.005779355881692551,0.02685352454317133,0.13999457951028588,1.2092214141093012,1.207348400319218
2024-12-19,0.003088255826238768,0.003086749827873501,0.018672214346646773,0.1613090271254068,1.212955799186637,1.2110751827860868
2024-12-20,-0.003930283978962599,-0.003930609349986987,0.013539650854097265,0.04806195195050112,1.2081885384419042,1.2063149193490905
2024-12-23,-0.0003513140037515183,-0.0003514609759108139,0.010119338435102834,0.029047780195940003,1.2077640848891775,1.2058909467302803
2024-12-24,-0.0,-0.0,0.007735253015425672,0.0,1.2077640848891775,1.2058909467302803
2024-12-25,0.0,0.0,0.006015215148570646,0.0,1.2077640848891775,1.2058909467302803
2024-12-26,0.006727796760693812,0.00672760383240131,0.00474038263416296,0.08139777203323606,1.2158896761871771,1.214003703284961
2024-12-27,-0.0012577910527263984,-0.0012578637843481913,0.0037751012354611257,0.038532276225905764,1.2143603410313666,1.2124766519925343
2024-12-30,-0.0003644512058523643,-0.00036451116828238155,0.003031557293199441,0.03955883014434528,1.2139177659407383,1.2120346907116013
2024-12-31,-0.00022350351192023047,-0.00022351812385853638,0.0024508072440464768,0.011924184034814905,1.213646451056868,1.211763778991482
2025-01-02,-0.0,-0.0,0.0019920511443094063,0.0,1.213646451056868,1.211763778991482
2025-01-03,0.0,0.0,0.10633422740335899,0.0,1.213646451056868,1.211763778991482
2025-01-06,0.0,0.0,0.029269038457080454,0.0,1.213646451056868,1.211763778991482
2025-01-07,-0.0,-0.0,0.08473885911411017,0.0,1.213646451056868,1.211763778991482
2025-01-08,0.0,0.0,0.03995560241651372,0.0,1.213646451056868,1.211763778991482
2025-01-09,-0.0,-0.0,0.07510277216380995,0.0,1.213646451056868,1.211763778991482
2025-01-10,0.0,0.0,0.03660324306846002,0.0,1.213646451056868,1.211763778991482
2025-01-13,0.0001360727756175329,0.0001360399219172641,0.024378033012585745,0.0026953528409667965,1.2138115952980817,1.211928627241358
2025-01-14,-0.0,-0.0,0.017156060090693565,0.0,1.2138115952980817,1.211928627241358
2025-01-15,3.609068845308086e-05,3.6051952921447375e-05,0.012547162639768475,0.0061743890225376815,1.2138554025942083,1.2119723196351715
2025-01-16,-0.0,-0.0,0.12660996919582024,0.0,1.2138554025942083,1.2119723196351715
2025-01-17,1.147536008311882e-06,1.1259391413132615e-06,0.05008155449057991,0.0008624679173120625,1.2138567955369917,1.2119736842422444
2025-01-20,-0.0,-0.0,0.06101555017134877,0.0,1.2138567955369917,1.2119736842422444
2025-01-21,-0.0,-0.0,0.05445411696199973,0.0,1.2138567955369917,1.2119736842422444
2025-01-22,-0.0,-0.0,0.03393677444302576,0.0,1.2138567955369917,1.2119736842422444
2025-01-23,-0.0,-0.0,0.08439968559088024,0.0,1.2138567955369917,1.2119736842422444
2025-01-24,-0.0,-0.0,0.052843919510489945,0.0,1.2138567955369917,1.2119736842422444
2025-01-27,0.0,0.0,0.03311448176728682,0.0,1.2138567955369917,1.2119736842422444
2025-02-05,0.0003203021189137305,0.0003194926766631271,0.08573388015328026,0.01888266923545721,1.21424559644066,1.2123609009586682
2025-02-06,0.0005409657652014347,0.000540090663148648,0.03788906330587524,0.04619285759175906,1.2149024617388808,1.2130156857616425
2025-02-07,0.0016301030981866322,0.0016289688784213577,0.02510209933494667,0.09036851859598281,1.216882878005756,1.2149916505627854
2025-02-10,-0.0009805447466066481,-0.0009811539956167596,0.01760263366599979,0.0692224835978259,1.2156896698924917,1.2137995566501947
2025-02-11,0.0005492502707084685,0.0005486976699034709,0.012840974065653293,0.08606836244232371,1.2163573877727778,1.2144655656386585
2025-02-12,0.0001865279396331108,0.0001860716624243574,0.009639706284813782,0.09466620564408443,1.2165842724101765,1.2146915432654142
2025-02-13,0.0006599880181044704,0.0006595694512794237,0.007393310337534251,0.11322852847704959,1.2173872034529816,1.2154927167000795
2025-02-14,0.005276926874158497,0.005263132886943001,0.14057041105490342,0.19625733626271663,1.2238112667031393,1.2218900163911834
2025-02-17,-0.0030661320781097657,-0.0030683495876863273,0.04920646098882661,0.0901308296512161,1.2200588997207487,1.2181408306631916
2025-02-18,0.0018429076054411666,0.0018410131775431198,0.03122982522533399,0.12132170989609764,1.2223073555461301,1.2203834439845458
2025-02-19,0.0017158802743903316,0.0017139754856377869,0.02128286019796495,0.17899744064724787,1.2244046886267541,1.2224751512906136
2025-02-20,0.0025051864077492297,0.0025035280372159843,0.015216562496395525,0.21796914166895287,1.2274720506102863,1.2255356521066694
2025-02-21,0.003259616081060811,0.003258155081815442,0.011256170681240879,0.2595908123184492,1.2314731382455082,1.2295286373195267
2025-02-24,-0.00442779584890757,-0.004428511228412273,0.008537974867398171,0.16757592188153256,1.2260204265959436,1.2240836559435027
2025-02-25,-8.900072776072101e-05,-9.940676071223568e-05,0.13725533163460948,0.15163029118922383,1.225911309885727,1.2239619737524245
2025-02-26,0.0022339169936496043,0.0022295595278745074,0.04409875761717838,0.19762306289551798,1.228649893993588,1.2266908698327603
2025-02-27,-0.002362763994579534,-0.0023635459598246988,0.02851630735949559,0.05484337332366388,1.2257468842621158,1.2237915295834132
2025-02-28,0.0006251085151698661,0.000624423597135081,0.019674251833615014,0.06962582776487929,1.2265131090769108,1.224555693892459
2025-03-03,0.0012716339220134932,0.0012659642088044224,0.11040706102995584,0.1027056269079131,1.2280727847522073,1.2261059375726147
2025-03-04,-4.466277998909026e-05,-4.725895628350813e-05,0.051120767175301896,0.10157031820415133,1.2280179356076113,1.226047993085712
2025-03-05,0.0008432895039947477,0.0008395239081783248,0.05966250478566182,0.12622989363088077,1.2290535102434264,1.2270772896884816
2025-03-06,-0.0013867902624630833,-0.0013883852371727248,0.05454911691038769,0.05847847957875157,1.2273490708033747,1.2253736336946082
2025-03-07,0.00037088810078269235,0.0003689356547986559,0.05530584904609731,0.07060540675938443,1.2278042799692424,1.2258257177185283
2025-03-10,0.00048727970022680766,0.00048577575676396527,0.034206988841843866,0.08793194103087298,1.228402564070723,1.2264211941342138
2025-03-11,-0.0006184177832271163,-0.0006208712944785688,0.08396484748826516,0.05844139124519647,1.22764289808014,1.2256597444198358
2025-03-12,-0.00010298303133911017,-0.00010308821355049283,0.03767517096283993,0.005583635518808184,1.2275164716930937,1.2255333933463628
2025-03-13,0.01147302827319637,0.011470785593843784,0.024982077254067536,0.1795430643960123,1.2415998028786428,1.2395912241395348
2025-03-14,-0.0003877308341293572,-0.0003889102790472361,0.017528789806267736,0.13457231570626813,1.2411183963514179,1.2391091343706502
2025-03-17,-0.0009829679433364133,-0.0009837335545037134,0.012792476873073597,0.11969709617561328,1.2398984167539193,1.2378901811374776
2025-03-18,-0.0014423820644521549,-0.0014464797564769517,0.09621528502014555,0.08517756869792226,1.2381100095158508,1.2360995980497207
2025-03-19,-0.0005862093974622119,-0.0005876976145758957,0.04826779893005112,0.06166500841857194,1.2373842177931806,1.2353731452645687
2025-03-20,-0.0003656072529818618,-0.00036631208166459743,0.06341522546423897,0.022229005024450264,1.2369318211484301,1.2349206131560941
2025-03-21,-0.0,-0.0,0.05428613160259704,0.0,1.2369318211484301,1.2349206131560941
2025-03-24,0.0,0.0,0.0556344314923419,0.0,1.2369318211484301,1.2349206131560941
2025-03-25,-0.0,-0.0,0.034246770600706855,0.0,1.2369318211484301,1.2349206131560941
2025-03-26,0.0,0.0,0.023034801584406447,0.0,1.2369318211484301,1.2349206131560941
2025-03-27,-0.0,-0.0,0.016320562540701855,0.0,1.2369318211484301,1.2349206131560941
2025-03-28,-0.0,-0.0,0.11767249115760305,0.0,1.2369318211484301,1.2349206131560941
2025-03-31,0.0,0.0,0.04174386157303858,0.0,1.2369318211484301,1.2349206131560941
2025-04-01,-0.0,-0.0,0.027237113641222485,0.0,1.2369318211484301,1.2349206131560941
2025-04-02,0.0,0.0,0.0189045129608975,0.0,1.2369318211484301,1.2349206131560941
2025-04-03,-0.0,-0.0,0.11202532651484134,0.0,1.2369318211484301,1.2349206131560941
2025-04-07,0.010379705315386054,0.010377588135873316,0.0410634073858496,0.10311757584278508,1.2497708089471746,1.2477361106599283
2025-04-08,0.010165844760090317,0.010159620109877553,0.07347372252819423,0.16943881427474267,1.2624757849766242,1.2604126355416092
2025-04-09,0.0035058833323960946,0.003500872710390884,0.053588895388348684,0.187002249958692,1.2669018777887273,1.2648251797412087
2025-04-10,-0.0036958607483891016,-0.00369829384603578,0.03349581832433371,0.14527769544958535,1.2622195848665474,1.2601474845626606
2025-04-11,0.011778195621184127,0.011775742544171575,0.022602183799368125,0.2170654866210488,1.2770862540539956,1.274986656908556
2025-04-14,-0.005764618424608017,-0.005766071975614082,0.01604947456432773,0.1811337810766981,1.2697243391040622,1.2676349920768737
2025-04-15,-0.0035547632741924004,-0.003555548974629834,0.01181361840158239,0.1330160515983338,1.265210769655067,1.26312785378059
2025-04-16,-0.0002643517674720953,-0.00026492181410308355,0.008927741862227487,0.12770231034570415,1.264876308951884,1.2627932236581223
2025-04-17,-0.0016890567441793292,-0.0016894117779297653,0.0068820081845997055,0.10317736942846786,1.2627398610916962,1.2606598459129843
2025-04-18,0.004364178846819302,0.004363780894598035,0.0053865963240494474,0.14775646709973822,1.2682506836825083,1.2661610892631663
2025-04-21,0.0032050200529434906,0.00320464556089882,0.004266689371410143,0.17554221180461657,1.27231545255587,1.2702186867772562
2025-04-22,-0.0033513057272338983,-0.0033515425939941194,0.0034116421733450114,0.13885791544728368,1.2680515344928713,1.265961494744835
2025-04-23,-0.0018982754075985977,-0.0019040067841242802,0.10478368707458924,0.1093944426979873,1.2656444234493758,1.2635510954704008
2025-04-24,-0.0011214940783767745,-0.001124372517273825,0.06435046712446152,0.0894613209717082,1.2642250107231467,1.2621303933444827
2025-04-25,-0.0010148372895137675,-0.0010159835216005599,0.034500217280411416,0.06644781842826798,1.2629420280399288,1.2608480896627334
2025-04-28,0.0013029328671795178,0.0013019050868548529,0.02318030506514486,0.08867703179717479,1.2645875567176044,1.2624895942044165
2025-04-29,0.0008737726240891667,0.0008729289787283978,0.01641151705292518,0.10281138033104252,1.2656925187054282,1.2635916579565405
2025-04-30,0.005216886649111095,0.005215948377065154,0.012054487032495925,0.15567183297158427,1.2722954931081425,1.2701824868141318
2025-05-06,0.007034839032571801,0.0070338979792379875,0.009095396769443154,0.2069295837594261,1.2812458871040249,1.2791168208413972
2025-05-07,-0.00040435737975173943,-0.0004050604880816111,0.0070028183911775704,0.20080724376844358,1.2807278058742977,1.2785987011576339
2025-05-08,-0.0025217384965679234,-0.0025222497707168227,0.005476044664269097,0.18673118290485924,1.2774981452625995,1.2753737558768001
2025-05-09,-0.0014534184227775694,-0.0014538973608571402,0.0043343596683922125,0.22099600227611213,1.2756414059232106,1.2735194933390244
2025-05-12,-0.0016891138601023378,-0.0017066671564695325,0.1502113470509293,0.23371465221256787,1.2734867023439453,1.271346019446619
2025-05-13,0.0016155720841616638,0.0016098265336737501,0.045652150870282904,0.2517099579487117,1.2755441119098034,1.2733926660022046
2025-05-14,0.0008465300717446775,0.0008426123679311252,0.029350197464470124,0.26696268863573663,1.276623898358372,1.2744656424118108
2025-05-15,-0.0001090989270000811,-0.0001122755725854881,0.020172035269282684,0.3149553868016789,1.2764846200608784,1.2743225510520684
2025-05-16,0.0035972139831150648,0.003577076120579564,0.10937505754909199,0.36823500689747335,1.2810764083853927,1.2788808998193528
2025-05-19,0.009363435162696198,0.009354519770133336,0.04074387591757489,0.4376310482045519,1.2930716842737688,1.2908442164803589
2025-05-20,0.002945821753426048,0.002940145333999014,0.026688264820108082,0.4253869230761999,1.2968808429700416,1.2946394860803632
2025-05-21,-0.006194341968678711,-0.006215570096586026,0.09678614587253054,0.43866046562639893,1.2888475195360567,1.2865925636048225
2025-05-22,-0.008128412065069127,-0.00813828787264484,0.052014583688352184,0.3797322548954453,1.2783712358082255,1.2761219029474025
2025-05-23,0.0001951354255066924,0.0001890273886323277,0.032688129913582636,0.37371589567910135,1.2786206913232805,1.276363124938293
2025-05-26,0.0050749495746971445,0.005070098730491878,0.022134348773172288,0.43830918677358655,1.2851096268569104,1.2828344119976893
2025-05-27,-0.006916475415106373,-0.00693678356690403,0.10541155474105852,0.3853116832882981,1.2762211977170381,1.2739356673294846
2025-05-28,0.009698201999911964,0.009686534214712645,0.051446400290011574,0.45358995512010625,1.2885982486890675,1.2862756887584144
2025-05-29,-0.0026484027540297564,-0.0026554121937008616,0.03239490584103316,0.43274950114079874,1.2851855215384014,1.2828600966100243
2025-05-30,0.007428592379645375,0.007407633319951286,0.08691522311934799,0.48228742772271427,1.294732640910132,1.2923630538065087
2025-06-03,0.004168533828749803,0.004155985573516989,0.052674195660649514,0.4764479106109006,1.3001297777229526,1.2977340960138748
2025-06-04,-0.002441324105480719,-0.002450048585576338,0.03302738667295149,0.5283179188236498,1.2969557395563442,1.294554584427482
2025-06-05,0.004258237667621095,0.00425137334400394,0.02233117802361273,0.6147748775185917,1.3024784853397604,1.3000582192800751
2025-06-06,0.005173276342000613,0.00514116094533967,0.10502279703575618,0.6115890562314608,1.3092165664739335,1.3067420278237056
2025-06-09,0.009237758404160237,0.009221508694840877,0.05147184663367871,0.6314018393397776,1.321310792813744,1.3187921607951958
2025-06-10,-0.0027802092037652664,-0.0027987019346770157,0.0592089035610813,0.6246604750135815,1.3176372723865288,1.3151012546233414
2025-06-11,-0.009464648872037094,-0.00947558181773398,0.034679526102908725,0.6305129813160294,1.3051662982626815,1.3026399050865534
2025-06-12,-0.014284493465835562,-0.014290920739421772,0.023283093409845884,0.5520979083898951,1.2865226588033194,1.2840239814509535
2025-06-13,0.004408843788701531,0.0044044902633418445,0.01647570357588364,0.5284782333737807,1.2921947362366082,1.2896794525751516
2025-06-16,0.0049781119786858705,0.00494689080054899,0.11732348557459767,0.5322238422081307,1.2986274263318625,1.2960593559947526
2025-06-17,-0.0034000478741844573,-0.0034135451189023923,0.05067401822247905,0.5327086815447254,1.2942120309116052,1.291635198906289
2025-06-18,-0.014635823755902375,-0.01464244346823568,0.03199481285431496,0.4137990969627452,1.2752701717244146,1.2727225035247203
2025-06-19,0.004091483350126195,0.00407408120083583,0.08757777707966036,0.39741016204457713,1.2804879183989377,1.277907678350211
2025-06-20,0.0113473981798274,0.011338178653988831,0.0381119737222364,0.4838125627269542,1.2950181246734687,1.2923968239106498
2025-06-23,0.007772842232015333,0.007766721258483531,0.025227003459537795,0.4852715497199952,1.305084096244156,1.3024345097973133
2025-06-24,0.0016203476965220734,0.001616151895189535,0.017679405559921174,0.4746541186939176,1.3071987862532726,1.3045394417986826
2025-06-25,0.0016656828087624905,0.001662592963241327,0.012891358160662461,0.47936694996062357,1.3093761647991697,1.3067083598948879
2025-06-26,-0.000437411993387898,-0.0004398356019866233,0.009674415750249604,0.5010346177571995,1.3088034279608303,1.3061336230367926
2025-06-27,0.010853923805850494,0.010851981611945758,0.007418122561474824,0.5236348924244806,1.323009080644753,1.3203077610967318
2025-06-30,0.006997961508253635,0.00699649788148065,0.005782416403615834,0.5062336126710262,1.3322674472661749,1.3295452915501476
2025-07-01,-0.002949389702531429,-0.002950550290202111,0.004565464403684438,0.5084204225733182,1.32833807137619,1.3256224013043274
2025-07-02,0.002301324226887108,0.0022634549695509415,0.14943709408996253,0.5068253978944366,1.3313950079613446,1.3286228879163078
2025-07-03,0.001647739885567392,0.0016353466683667742,0.04866014876852978,0.5093785166819237,1.3335888006194079,1.3307956469295774
2025-07-04,0.0053413996565306885,0.005333499845205361,0.030943421878017713,0.5105971379939721,1.3407120313809897,1.3378934453064761
2025-07-07,0.002663460713810419,0.002658088828312555,0.021114583950046853,0.5088317639194694,1.344282965205106,1.3414496849269177
2025-07-08,-0.007721402561591135,-0.007744718487604108,0.09003807989999267,0.5179125551959952,1.333903215274068,1.3310605347518734
2025-07-09,0.0017110259817359234,0.001700050510290884,0.0436121746492531,0.5033214478896583,1.3361855583325228,1.3333234048932063
2025-07-10,0.0007273557673161132,0.0007091773652343525,0.06981295233402324,0.5207744830725751,1.3371574406045805,1.3342689676724937
2025-07-11,0.0030189358144112693,0.003003186566448533,0.05384137345393816,0.5850240048653069,1.3411942330915283,1.338276026312237
2025-07-14,-0.011118983227416097,-0.01113547251493297,0.05619220097253683,0.5868888291075521,1.3262815169090765,1.3233736904038436
2025-07-15,0.00540890086297925,0.005399457950431932,0.034314299997983716,0.5503776878952948,1.3334552421504393,1.330519190997887
2025-07-16,0.01538945386975352,0.015383081148176223,0.0230735949092869,0.5523822015903076,1.3539763900868944,1.3509866756822135
2025-07-17,0.008579437483231677,0.008550289911407214,0.08870803715390693,0.6571574066934334,1.3655927458794168,1.3625380034257446
2025-07-18,0.008347927019180171,0.008333991343502942,0.04266694491863934,0.6532305373072039,1.37699261445994,1.3738933833514886
2025-07-21,0.013613514639603629,0.013588988983358929,0.07115678030975728,0.6893413709259153,1.3957383235755165,1.3925632054021617
2025-07-22,-0.020662163187044526,-0.02067437726320073,0.036125758224396065,0.676197636065473,1.3668993505673872,1.3637728283308252
2025-07-23,0.0763395962259151,0.07633301139244741,0.024107579139011806,0.5462874085957529,1.471247895071167,1.4678737151725123
2025-07-24,-0.004575351874077761,-0.0045772792197253265,0.016988579672593443,0.22689897386476426,1.4645164182572201,1.4611548473188722
2025-07-25,0.002722567753189097,0.0027122161708477556,0.09298191803901412,0.22265796532607862,1.4685036634315831,1.465117815123883
2025-07-28,-0.0010593839297678104,-0.0010655879269384889,0.0555817644951922,0.22323858290662899,1.4669479542497386,1.4635566032685445
2025-07-29,0.00786313625517438,0.007859299460050359,0.034508402644230135,0.2223687467413601,1.4784827658932536,1.4750591328903662
2025-07-30,-0.00516008392626493,-0.005169073128795682,0.08161712935563062,0.22027735113259045,1.4708536707377082,1.467434444363158
2025-07-31,-0.006681165405943214,-0.006685244902424449,0.037931013447494305,0.21510084284365752,1.461026654075571,1.457624285724337
2025-08-01,0.0011955012380482014,0.0011928832620965704,0.02512561927222294,0.20839095930465626,1.4627733132493397,1.4593630613372033
2025-08-04,-0.0011422888234136216,-0.0011441246551988074,0.017617096004382188,0.20841480170500254,1.4611024036424272,1.457693368077841
2025-08-05,0.0031034488528335026,0.0031021138674171018,0.012850468263577344,0.20777225997040052,1.4656368602208834,1.4622152988893973
2025-08-06,0.00023193484640925943,0.00022185298737612523,0.09616866035908261,0.2096703644511569,1.4659767924809504,1.462539695721643
2025-08-07,-0.002149080890013967,-0.0021541343187100872,0.0482309117710453,0.2095514478394958,1.4628262897710256,1.4593891887706132
2025-08-08,0.002965528709607635,0.0029623288190778756,0.030717766449270656,0.20834135418303126,1.4671643431305101,1.4637123794227591
2025-08-11,0.0015528665763828206,0.001544137013280989,0.08385617966112913,0.20820321500713473,1.4694426536010183,1.4659725518846234
2025-08-12,0.0019003517055911534,0.0018950488190443528,0.05015444943319777,0.21146225735619645,1.4722351114540573,1.4687506414378237
2025-08-13,-0.005417033166475842,-0.005420387456502459,0.0317247028072582,0.21146234510031892,1.4642599650264605,1.4607894438842444
2025-08-14,0.004195644198357585,0.0041933972146225565,0.021572808215542583,0.2083162945295292,1.470403478853611,1.4669151142693788
2025-08-15,0.004942126318496394,0.004940526654192581,0.015400423433643687,0.20774289885022737,1.477670398585262,1.4741624474908648
2025-08-18,0.0007244658220952779,0.0007232894398718403,0.01137962595858287,0.20675235332323866,1.478740920285359,1.4752286936217907
2025-08-19,0.0037854348985544165,0.0037845408004718957,0.008624508731907565,0.20733890133657973,1.4843385977709276,1.4808117568028294
2025-08-20,-0.0021827666542910385,-0.0021834771071912737,0.006662852388036475,0.2132578838190026,1.481098632976036,1.4775784382317907
2025-08-21,0.0018675576193315755,0.0018664550380501784,0.005223951591302414,0.42212538233810126,1.4838646700130322,1.4803362719519428
2025-08-22,0.0015104969073693377,0.0015095839571763422,0.004143412883434686,0.4406754618374717,1.4861060430080415,1.4825709638393079
2025-08-25,-0.00398726549322457,-0.003988002144554339,0.003316608802587037,0.44421960720503845,1.480180543663483,1.4766584676560628
2025-08-26,-0.004205711484439346,-0.004228843913626087,0.10488458692022129,0.4411025464463301,1.4739553313519538,1.470413909482611
2025-08-27,0.01729344635568174,0.017277638064652254,0.06457060819127819,0.48964355369423046,1.4994450988053598,1.4958191888158818
2025-08-28,-0.00854657429101574,-0.008559253450307319,0.05465805289839126,0.4639447846833766,1.4866299798731202,1.4830160932629737
2025-08-29,-0.00045420649315549666,-0.00046801152569425397,0.05517000603152497,0.5004542696938963,1.4859547428833422,1.4823220246385367
2025-09-01,-0.010358899989198716,-0.01036744147276411,0.03419054218537304,0.49964013551376585,1.470561886313338,1.4669541378043074
2025-09-02,-0.0075261955456393925,-0.007531643790361641,0.023002486528186566,0.4737091979662375,1.4594941499949796,1.4559055617815682
2025-09-03,-0.01357321885799577,-0.013593385714836185,0.08875562581671353,0.4544355730657624,1.4396841164751333,1.4361148759158961
2025-09-04,0.006161425516615604,0.006151604998222466,0.04572051362115842,0.4295891544225077,1.4485546229262494,1.444949287364602
2025-09-05,0.0020243289412891535,0.0020180681538618794,0.029386718938371748,0.4260963900327753,1.4514869739724772,1.447865293505378
2025-09-08,-0.009993715627156334,-0.009997750081961802,0.02019376557641915,0.3995742933827879,1.4369812259180745,1.4333898981485649
2025-09-09,0.004875076109231305,0.004872071236168786,0.014521762376289188,0.41384413057537534,1.4439866187619617,1.4403734758415494
2025-09-10,0.013699607105328849,0.013697386441676602,0.010787544494053905,0.411708828356831,1.4637686681043527,1.460102827960492
2025-09-11,0.002305545513958646,0.002303909579992093,0.008208373047888906,0.398601271411354,1.4671434533905738,1.4634667728536037
2025-09-12,0.00011058114399616177,0.00010928122774756668,0.006360714770624887,0.4087327589655058,1.4673056917920562,1.463626702299309
2025-09-15,0.004370271272500175,0.0043692035706993995,0.004998906465653041,0.42717414623083505,1.4737182157048712,1.4700215853131662
2025-09-16,-0.002981756985276411,-0.002982598851254682,0.0039723430986216834,0.4238636781212497,1.469323946120864,1.4656371006214914
2025-09-17,-0.004645162348447996,-0.004645855270701189,0.003184421459189221,0.43519506577463496,1.4624986978486703,1.458827962772634
2025-09-18,0.0011950468377619195,0.0011617817480033554,0.15298242891689884,0.4348877187279295,1.4642464522927652,1.4605228024732602
2025-09-19,0.0037404631888996423,0.0037303677831991575,0.046359977762103516,0.43552245655895394,1.469723412247043,1.4659710896822342
2025-09-22,-0.004659993328928811,-0.00466642573834302,0.029727627562264436,0.4327563241120883,1.4628745109506014,1.4591302444576744
2025-09-23,0.01765331936348578,0.017648918114715813,0.020396322478390058,0.431572777360138,1.4886991018811155,1.4848823146608132
2025-09-24,-0.006529790353410984,-0.006550657812878302,0.10891369012061582,0.3831925893651758,1.4789782088465206,1.4751553587250754
2025-09-25,0.010403473379713209,0.010395128167029602,0.040688239079039595,0.41020269603684184,1.4943647192714313,1.4904897877453032
2025-09-26,-0.002725839679138384,-0.002731179900766106,0.02665762711473353,0.4006524365231747,1.4902913206245367,1.4864189919947162
2025-09-29,0.004608539262798671,0.004604837696640802,0.018553312952641704,0.3990194276696298,1.4971593866886428,1.4932637102020563
2025-09-30,-0.005923644478162417,-0.0059264115230374045,0.013462326191518673,0.41107975480946957,1.4882907467547557,1.4844140149429812
2025-10-09,0.005204026409857623,0.005201948948789617,0.010066433326905044,0.41275017685833704,1.4960358511064142,1.4921358608675823
2025-10-10,0.011483916948361582,0.011482182163049236,0.007697632709745092,0.4507321608496748,1.5132162025722917,1.5092688366340823
2025-10-13,0.0009113813586556593,0.000910072593878728,0.005987650223163776,0.4371547195152079,1.5145953196109319,1.510642380839098
2025-10-14,-0.0030010686804852727,-0.0030020995351086994,0.004719701821715827,0.4368304025833278,1.510049915033638,1.5061072820498655
2025-10-15,0.0114341084011287,0.011433225007040013,0.0037592889241435667,0.469979353283825,1.5273159894532478,1.523326945490283
2025-10-16,0.0014941265165237068,0.0014703025979898741,0.10441784997330565,0.456318886855518,1.5295979927722005,1.5255666970558253
2025-10-17,-0.002239610154898041,-0.0022472821536333623,0.031103047810711798,0.493327778165783,1.5261722895746763,1.5221383182433543
2025-10-20,0.00943486001067428,0.00941442589783819,0.08362404618383554,0.4887138034715321,1.5405715114789835,1.5364683766467164
2025-10-21,-0.01731937612351288,-0.01733144092756348,0.050362897999921746,0.47911476621604143,1.5138897740265103,1.5098391657397945
2025-10-22,0.0030118830067416545,0.002999321432205683,0.060647699265857086,0.4142473560590117,1.5184494329109806,1.5143676587087815
2025-10-23,0.0021664091686966667,0.002155039246601543,0.05447992430506138,0.4173986010500951,1.521739015684641,1.5176311804470832
2025-10-24,-0.002444486079078762,-0.0024516998536464,0.033949895422085125,0.42496593747652145,1.518019145844809,1.513910404304092
2025-10-27,0.002273429289900239,0.002255647516591885,0.08437853023409853,0.42147625134071454,1.521470255033602,1.517325252547903
2025-10-28,0.029497191968890432,0.02948922977880625,0.0377251917706469,0.42211528744979154,1.5663493552212848,1.5620700055694734
2025-10-29,-0.016463001175485378,-0.016467145090925006,0.025010160636039114,0.3313785544948525,1.540562543945056,1.5363471721455788
2025-10-30,0.01709316330351281,0.017077969511304154,0.09987861171037027,0.3042451621717658,1.566895631087984,1.5625848623102594
2025-10-31,0.007441081873123131,0.007433817480236478,0.05181000208691791,0.28042434256091486,1.5785550297655488,1.5742008329740542
2025-11-03,-0.0037798587677373157,-0.003784420032490138,0.03258265710264094,0.2799811407924154,1.5725883146959336,1.5682433958065845
2025-11-04,0.009455289821230967,0.009443265600436925,0.08660572399209576,0.277677276738443,1.587457592980865,1.583052734719317
2025-11-05,-0.0042982211269801665,-0.004303371792319159,0.03799446571056711,0.271127136158694,1.5806343492165296,1.5762402702349723
2025-11-06,-0.001836541742199017,-0.0018399449370277551,0.025161182441151786,0.270511518025659,1.5777314482550397,1.5733400749302142
2025-11-07,0.00010512812603630852,0.00010275643765755564,0.017638958497039503,0.2689147864541937,1.5778973122055833,1.5735017457515377
2025-11-10,-0.0035866739210880065,-0.0035884230530237793,0.012864818017844601,0.2719248625742568,1.5722379090657406,1.5678553558131096
2025-11-11,-0.0009143146440949807,-0.0009272427332351521,0.09615713242719985,0.2688950640236514,1.5708003889214806,1.5664015733276682
2025-11-12,0.003952360362437784,0.00394586193364504,0.04822179576031446,0.26952247174884697,1.5770087581159558,1.5725823776686634
2025-11-13,0.020236793141390753,0.020232614482665712,0.030712968013107356,0.27211038172914315,1.6089223581361098,1.6043998306582672
2025-11-14,0.00568156835600652,0.005679078430371762,0.020978927044708245,0.23737397336393715,1.6180635604933673,1.6135113431302506
2025-11-17,0.00782112929258154,0.007810444124637554,0.09013168884620493,0.23710124775800023,1.6307186448036008,1.6261135833202385
2025-11-18,-0.003646960365252654,-0.0036520803846704975,0.043679424550217255,0.23443621204108694,1.6247714785391236,1.6201748857993485
2025-11-19,0.008932721921875369,0.008929271202675372,0.028289865505382622,0.24395444363919808,1.6392851103435078,1.6346418667504146
2025-11-20,0.003919386259427336,0.003917039930531837,0.019538539177095623,0.24017444438718075,1.645710101880272,1.6410448242145952
2025-11-21,-0.00739343945778942,-0.00740439922357131,0.0911383653704745,0.24050828072981792,1.6335426438769476,1.628893873192335
2025-11-24,0.00840756507918349,0.008402432657780375,0.04440877661214934,0.23114446263367577,1.6472767599649645,1.6425805442685046
2025-11-25,-0.0013326656315716724,-0.0013359410445316956,0.028683351156675613,0.22838425971444246,1.6450814908412725,1.6403861535004671
2025-11-26,-0.007458675913750034,-0.007469199318662009,0.08510024149678755,0.24731786248509313,1.6328113611493786,1.628133782360399
2025-11-27,0.012455316729843444,0.012448240102517964,0.05397320188864954,0.26222744168779105,1.6531485438125808,1.6484011826022418
2025-11-28,0.002189111327958886,0.0021845905706095636,0.03369193307177554,0.26835844293598066,1.6567674700166397,1.6520022642823362
2025-12-01,0.0023511919577766283,0.0023397106093927937,0.08479521647579794,0.2708017942760183,1.6606628483680486,1.6558674715068185
2025-12-02,-0.005194245266584683,-0.005201534260353143,0.05281718880383529,0.276008395506691,1.65203695822852,1.6472544201231714
2025-12-03,-0.009803940137903032,-0.009808479669932087,0.03310077007046336,0.27428558425632915,1.6358404867844443,1.6310973586321875
2025-12-04,0.0020362496274624587,0.002025429295696349,0.08243720855127365,0.2625108723660892,1.639171466366247,1.634401031006494
2025-12-05,0.010454873331492243,0.010449793760880639,0.03845410828763607,0.26418870897277297,1.6563087964157026,1.6514801847030827
2025-12-08,-0.012609510275279835,-0.012619448843155506,0.07734946278239002,0.25697832973012724,1.6354235536282624,1.6306394149967371
2025-12-09,0.01896158716225799,0.018955264644084258,0.05332317049558538,0.23713961923014068,1.6664337798875943,1.661548616647075
2025-12-10,-0.002801561579209067,-0.0028076035056199267,0.05684539893361154,0.21257398221150117,1.661765163035565,1.6568836469262187
2025-12-11,-0.000657856625439494,-0.0006636053151112091,0.054747567588464274,0.21000712634131585,1.6606719598131374,1.6557841301315976
2025-12-12,0.003872921177505971,0.0038689939056632096,0.03408586338882105,0.23043405402189865,1.667103611415188,1.6621903488401708
2025-12-15,-0.004612619760587701,-0.004622363341684206,0.08415954946615808,0.23155021998835068,1.6594138963542273,1.6545071011047907
2025-12-16,-0.012097457975262634,-0.012101838764488707,0.03769871372753089,0.23241054099287536,1.6393392064795151,1.634484522932519
2025-12-17,-0.006605873620245791,-0.006612479592460284,0.07849723286103441,0.16831095756426803,1.6285099388607975,1.6236765273804354
2025-12-18,0.014446189847315908,0.014442167564828244,0.0370139026229141,0.21733901062205546,1.6520357026058212,1.6471259358599422
