trade_date,ic,rankic,n,ic_rolling20,rankic_rolling20
2024-06-06,-0.9948631044315193,-1.0,3,,
2024-06-07,-0.9954297267842787,-0.5,3,,
2024-06-11,-0.8629379232035053,-1.0,3,,
2024-06-12,0.39972280088098844,0.5,3,,
2024-06-13,0.9651271249683048,0.8660254037844387,3,-0.297676165714002,-0.22679491924311224
2024-06-14,0.9058246307796574,0.5,3,-0.09709269963172544,-0.10566243270259355
2024-06-17,0.6429389312170947,1.0,3,0.008626104775248864,0.05228934339777696
2024-06-18,-0.06051802779902053,-0.5,3,-1.6911796534809995e-05,-0.01674682452694516
2024-06-19,-0.3476888419441223,0.5,3,-0.038647126257377866,0.04066948930938208
2024-06-20,-0.14598778000936816,-0.5,3,-0.04938119163257689,-0.01339745962155613
2024-06-21,-0.3382263254752683,-0.5,3,-0.07563984016373065,-0.05763405420141466
2024-06-24,-0.9904653017123792,-0.8660254037844387,3,-0.1518752952927847,-0.125
2024-06-25,0.27456627968752334,-0.5,3,-0.11907209721737641,-0.15384615384615385
2024-06-26,-0.48965395542238044,-0.5,3,-0.14554222994630525,-0.17857142857142858
2024-06-27,0.7000320443635284,0.5,3,-0.089170611658983,-0.13333333333333333
2024-06-28,0.006230556089012999,0.5,3,-0.08320803867473327,-0.09375
2024-07-01,-0.7849531308171972,-1.0,3,-0.12448716174193702,-0.14705882352941177
2024-07-02,-0.14815816359387962,-0.5,3,-0.12580221740037828,-0.16666666666666666
2024-07-03,0.6163527024932323,0.5,3,-0.08674143214281982,-0.13157894736842105
2024-07-04,-0.3308474465394854,-0.5,3,-0.0989467328626531,-0.15
2024-07-05,0.5680994189757772,0.5,3,-0.02079860669228828,-0.075
2024-07-08,0.9999434147894364,1.0,3,0.07897005038639747,0.0
2024-07-09,0.99991552355327,1.0,3,0.17211272272423622,0.1
2024-07-10,-0.5807934577143908,-0.5,3,0.12308690979446726,0.05
2024-07-11,-0.9995089329882657,-1.0,3,0.024855106896638744,-0.04330127018922193
2024-07-12,0.9999816721547515,1.0,3,0.029562958965393453,-0.01830127018922194
2024-07-15,-0.5894187248819346,-0.5,3,-0.032054923839558006,-0.09330127018922194
2024-07-16,-0.843927609589632,-0.5,3,-0.07122540292908859,-0.09330127018922194
2024-07-17,0.9759065633138573,1.0,3,-0.005045632666189598,-0.06830127018922194
2024-07-18,-0.8724651450023038,-1.0,3,-0.04136950091583638,-0.09330127018922194
2024-07-19,-0.08601868971990564,-0.5,3,-0.02875911912806825,-0.09330127018922194
2024-07-22,-0.7721494374474926,-1.0,3,-0.01784332591482392,-0.1
2024-07-23,0.31297466070038443,0.5,3,-0.015922906864180866,-0.05
2024-07-24,0.659539708865186,0.8660254037844387,3,0.04153677635019746,0.01830127018922193
2024-07-25,0.7605063861811825,0.5,3,0.044560493441080165,0.01830127018922193
2024-07-26,-0.5135779948210235,-0.5,3,0.018570065895578337,-0.03169872981077807
2024-07-29,0.998231170413916,1.0,3,0.107729280957134,0.06830127018922193
2024-07-30,-0.7554706662788989,-0.5,3,0.07736365582288303,0.06830127018922193
2024-07-31,-0.9739457389093059,-0.5,3,-0.002151266247243877,0.01830127018922193
2024-08-01,-0.9555016894891423,-1.0,3,-0.03338397839472672,-0.00669872981077807
2024-08-02,0.3279227907850224,0.5,3,-0.04539280980426445,-0.00669872981077807
2024-08-05,0.10871563483268758,0.5,3,-0.0899541988021019,-0.03169872981077807
2024-08-06,0.35577389132968007,0.5,3,-0.1221612804132814,-0.05669872981077807
2024-08-07,-0.7290080717921462,-1.0,3,-0.12957201111716915,-0.08169872981077807
2024-08-08,0.9070572477181951,0.5,3,-0.034243702081846114,-0.00669872981077807
2024-08-09,0.23478109278654025,0.5,3,-0.07250373105025669,-0.03169872981077807
2024-08-12,-0.7057478184777544,-1.0,3,-0.07832018573004768,-0.05669872981077807
2024-08-13,0.9941417866681844,0.5,3,0.013583284082843145,-0.00669872981077807
2024-08-14,0.9328414397704096,1.0,3,0.01143002790567076,-0.00669872981077807
2024-08-15,-0.9977320166484197,-1.0,3,0.005166684323364962,-0.00669872981077807
2024-08-16,0.9520098819146813,1.0,3,0.0570681129050943,0.06830127018922193
2024-08-19,-0.1276485028006866,-0.5,3,0.08929315963743462,0.09330127018922192
2024-08-20,-0.27187318220642853,-0.5,3,0.06005076749209396,0.04330127018922193
2024-08-21,-0.12800136395870487,-0.5,3,0.020673713850899417,-0.025000000000000005
2024-08-22,-0.8652848382514381,-1.0,3,-0.06061584737073161,-0.1
2024-08-23,0.9006742338957808,0.5,3,0.010096764065108604,-0.05
2024-08-26,-0.4184012881139622,-0.5,3,-0.0607348588612853,-0.125
2024-08-27,-0.836262928190993,-0.5,3,-0.06477447195689001,-0.125
2024-08-28,-0.9834103574498393,-1.0,3,-0.06524770288391668,-0.15
2024-08-29,-0.0769943499862872,-0.5,3,-0.021322335908773922,-0.125
2024-08-30,0.2037427740137907,0.5,3,-0.027531336747335506,-0.125
2024-09-02,0.928325911850881,1.0,3,0.013449177103574166,-0.1
2024-09-03,0.6742915047598194,0.5,3,0.029375057775081127,-0.1
2024-09-04,-0.9723693043727831,-0.5,3,0.01720699614604928,-0.075
2024-09-05,-0.9986128148494599,-1.0,3,-0.07807650698233345,-0.15
2024-09-06,0.839314626337234,1.0,3,-0.047849830304798766,-0.125
2024-09-09,-0.6783202277108996,-0.5,3,-0.046478450766456035,-0.1
2024-09-10,-0.09997023227964053,0.5,3,-0.10118405171384728,-0.1
2024-09-11,0.894130310087471,0.5,3,-0.10311960819799419,-0.125
2024-09-12,-0.9985135262581482,-1.0,3,-0.10315868367848062,-0.125
2024-09-13,-0.5942985110801672,-0.5,3,-0.18047410332822306,-0.2
2024-09-18,0.8914926018775979,0.5,3,-0.12951704809430883,-0.15
2024-09-19,-0.9878182278532928,-1.0,3,-0.16531430037665204,-0.175
2024-09-20,-0.9811628562757423,-1.0,3,-0.2079723749925039,-0.2
2024-09-23,-0.8312416450083925,-1.0,3,-0.20627021533035164,-0.2
2024-09-24,-0.9604741780132742,-1.0,3,-0.29932763592580436,-0.275
2024-09-25,0.9836910360794792,0.5,3,-0.2292230197161323,-0.225
2024-09-26,0.922581220059383,1.0,3,-0.1412808123036135,-0.15
2024-09-27,-0.5773578667023199,-0.5,3,-0.12097818776623752,-0.125
2024-09-30,0.6351808723517723,0.5,3,-0.08536942664933456,-0.075
2024-10-08,-0.9342650447203256,-0.5,3,-0.14226981758604038,-0.125
2024-10-09,0.7342767619710326,0.5,3,-0.1519722750800328,-0.15
2024-10-10,-0.4976600982026337,-0.5,3,-0.2105698552281554,-0.2
2024-10-11,-0.521184412630529,-0.5,3,-0.1880106106410427,-0.2
2024-10-14,0.45723938872259545,-0.5,3,-0.11521800046243998,-0.175
2024-10-15,0.9121504692031279,0.5,3,-0.1115762083191453,-0.2
2024-10-16,-0.2043949560323665,0.5,3,-0.08787994473521862,-0.15
2024-10-17,0.880175652471835,0.5,3,-0.03887265049764484,-0.15
2024-10-18,-0.8503738475253371,-1.0,3,-0.12609785837828524,-0.225
2024-10-21,0.6344953642799276,0.5,3,-0.044447413851381457,-0.15
2024-10-22,-0.7370416509340251,-0.5,3,-0.05158457084407435,-0.15
2024-10-23,-0.7249651459844265,-1.0,3,-0.13240745823717556,-0.225
2024-10-24,0.41263243956968076,0.5,3,-0.06238492486602689,-0.15
2024-10-25,-0.9806998383984853,-1.0,3,-0.062361773972164046,-0.15
2024-10-28,0.9865510634825112,1.0,3,0.028527861452381138,-0.05
2024-10-29,-0.7501659159530808,-0.5,3,0.03904327455539081,-0.025
2024-10-30,-0.9892364505616186,-1.0,3,-0.05960309977666408,-0.1
2024-10-31,-0.8760580644531331,-1.0,3,-0.14953506400228989,-0.2
2024-11-01,-0.4813990416525978,-0.5,3,-0.1447371227498038,-0.2
2024-11-04,0.4816980620353072,0.5,3,-0.15241126326562704,-0.2
2024-11-05,0.9986884237684172,0.5,3,-0.0557635898411899,-0.15
2024-11-06,-0.5847536212870663,-0.5,3,-0.12171510900409484,-0.2
2024-11-07,-0.2140533304991043,-0.5,3,-0.10753477061891836,-0.2
2024-11-08,-0.8988701698585154,-0.5,3,-0.1264190584803177,-0.2
2024-11-11,0.289996559845756,0.5,3,-0.13478119992415966,-0.15
2024-11-12,-0.9606639689511474,-1.0,3,-0.22842192183187343,-0.225
2024-11-13,-0.4687946211876193,-0.5,3,-0.24164190508963607,-0.275
2024-11-14,0.5489684497975549,0.5,3,-0.2582022652233501,-0.275
2024-11-15,-0.9994306866364764,-1.0,3,-0.265655107178907,-0.275
2024-11-18,-0.4781196836693596,-0.5,3,-0.3212858595763714,-0.325
2024-11-19,0.9990799056066002,1.0,3,-0.23447978174934017,-0.25
2024-11-20,0.8652064877860872,1.0,3,-0.15497120006081447,-0.15
2024-11-21,0.8302520775201256,0.5,3,-0.1340902181632922,-0.15
2024-11-22,-0.9948369601387297,-1.0,3,-0.13479707425030446,-0.15
2024-11-25,-0.13948460414556269,-0.5,3,-0.19109885763170814,-0.225
2024-11-26,0.5856112829927784,0.5,3,-0.12430999768441517,-0.175
2024-11-27,0.897342760995372,1.0,3,-0.02998103710656564,-0.075
2024-11-28,-0.9999259295953601,-1.0,3,-0.03617443036367699,-0.075
2024-11-29,0.9735607053181264,1.0,3,0.03657355698485922,0.0
2024-12-02,-0.961817132435104,-1.0,3,-0.03560220273866134,-0.075
2024-12-03,-0.18326815443682,-0.5,3,-0.0947000316489232,-0.125
2024-12-04,-0.980518060701522,-1.0,3,-0.11448825361964599,-0.15
2024-12-05,0.8625298064005502,1.0,3,-0.06065909677466326,-0.075
2024-12-06,0.8485454927980806,0.5,3,0.026711686358166536,-0.025
2024-12-09,-0.491817536457874,-0.5,3,-0.012379018457014964,-0.075
2024-12-10,-0.9995574674213761,-1.0,3,-0.014323693380526404,-0.075
2024-12-11,0.7601952179307581,0.5,3,0.047125798575392466,-0.025
2024-12-12,-0.982611474339094,-1.0,3,-0.02945319763143998,-0.1
2024-12-13,-0.14702037501179938,-0.5,3,0.01316731794979387,-0.075
2024-12-16,-0.33792906547107165,0.5,3,0.020176848859708267,-0.025
2024-12-17,-0.9950885676807426,-1.0,3,-0.07953157480465887,-0.125
2024-12-18,-0.8671151127260536,-1.0,3,-0.16614765483026592,-0.225
2024-12-19,-0.6614120966847411,-0.5,3,-0.24073086354050927,-0.275
2024-12-20,-0.8912667283070039,-0.5,3,-0.23555235194892296,-0.25
2024-12-23,-0.8464806114428897,-0.5,3,-0.27090215231378934,-0.25
2024-12-24,-0.9112401357254132,-1.0,3,-0.3457447232496989,-0.325
2024-12-25,-0.9058259428773536,-0.5,3,-0.43590315844333516,-0.4
2024-12-26,0.6827829851964528,0.5,3,-0.3517677127037445,-0.325
2024-12-27,-0.8864074519752396,-1.0,3,-0.44476612056841286,-0.425
2024-12-30,0.7652849806053375,0.5,3,-0.3584110149163907,-0.35
2024-12-31,0.9999945046773793,1.0,3,-0.2992478819606808,-0.275
2025-01-02,-0.9122974907273569,-1.0,3,-0.2958368534619725,-0.275
2025-01-03,-0.9500223090466726,-1.0,3,-0.3864644592343337,-0.375
2025-01-06,0.295860577290029,0.5,3,-0.4140987050097363,-0.375
2025-01-07,-0.9248271884019994,-0.5,3,-0.43574918760694253,-0.375
2025-01-08,0.42494344778290244,0.5,3,-0.3645241418467286,-0.3
2025-01-09,-0.08660204108544024,-0.5,3,-0.4068640047975385,-0.35
2025-01-10,0.8811355997071957,1.0,3,-0.313676651095224,-0.25
2025-01-13,-0.9966393788613314,-1.0,3,-0.3561576012877007,-0.275
2025-01-14,-0.9346456565339291,-1.0,3,-0.38599343084084353,-0.35
2025-01-15,-0.9810891564087479,-1.0,3,-0.38529346027724376,-0.35
2025-01-16,0.9922501812085922,0.5,3,-0.2923251955805115,-0.275
2025-01-17,0.8728853853788823,1.0,3,-0.2156103214773303,-0.2
2025-01-20,0.7080847499154119,0.5,3,-0.1356427475662095,-0.15
2025-01-21,-0.4632477854735076,-0.5,3,-0.11648110626774044,-0.15
2025-01-22,0.46886147864532474,0.5,3,-0.04747602554920353,-0.075
2025-01-23,-0.9995811350705252,-1.0,3,-0.05216378515886211,-0.1
2025-01-24,-0.127137891145609,-0.5,3,-0.0926598289759652,-0.15
2025-01-27,-0.5058071238900079,-0.5,3,-0.07362981257170362,-0.125
2025-02-05,-0.9861241674190107,-1.0,3,-0.161200269972921,-0.2
2025-02-06,0.7166064062251051,1.0,3,-0.17536967489553473,-0.2
2025-02-07,0.7740652170842336,0.5,3,-0.0910515395049552,-0.125
2025-02-10,-0.9150069426852075,-1.0,3,-0.08930077118688196,-0.125
2025-02-11,-0.9350178002862684,-1.0,3,-0.1508446900656968,-0.2
2025-02-12,0.7295504052062838,0.5,3,-0.06812581038528265,-0.15
2025-02-13,0.868145203924069,0.5,3,-0.04596572257822433,-0.15
2025-02-14,0.09293700389207209,-0.5,3,-0.03698877032934871,-0.15
2025-02-17,-0.6897018137495058,-0.5,3,-0.1155306410021838,-0.225
2025-02-18,-0.3868823300261675,-0.5,3,-0.0850427885604256,-0.2
2025-02-19,0.6691688231171792,0.5,3,-0.00485206457787018,-0.125
2025-02-20,-0.14195411120659812,0.5,3,0.03710468768223731,-0.05
2025-02-21,0.9933824622859116,1.0,3,0.03716130173610328,-0.025
2025-02-24,-0.841710091379935,-1.0,3,-0.04856847210183758,-0.125
2025-02-25,-0.9826176623574254,-0.5,3,-0.13310359271547947,-0.175
2025-02-26,-0.8829531466565947,-0.5,3,-0.15408886077463382,-0.175
2025-02-27,-0.6367245378570799,-0.5,3,-0.20936816159975408,-0.225
2025-02-28,0.7318230453494416,1.0,3,-0.1227979525787557,-0.125
2025-03-03,-0.9841582627384526,-1.0,3,-0.16564897115839788,-0.15
2025-03-04,-0.22304581108490082,0.5,3,-0.15151090551814253,-0.1
2025-03-05,-0.4989632212190497,-0.5,3,-0.12715285820814448,-0.075
2025-03-06,0.3427348580277305,0.5,3,-0.1458464356180132,-0.1
2025-03-07,-0.515321408723331,-0.5,3,-0.21031576690839143,-0.15
2025-03-10,0.9938821280839595,1.0,3,-0.1148713133699331,-0.05
2025-03-11,-0.8810640877675521,-1.0,3,-0.11217362774399726,-0.05
2025-03-12,-0.3392507408092955,-0.5,3,-0.16561368504477625,-0.1
2025-03-13,-0.7199295480645796,-1.0,3,-0.24501742264420864,-0.175
2025-03-14,0.9973541882695879,1.0,3,-0.1997965634253329,-0.1
2025-03-17,-0.027241516582447344,0.5,3,-0.16667354856697997,-0.05
2025-03-18,-0.7005823071844922,-0.5,3,-0.18235854742489618,-0.05
2025-03-19,-0.47372882836676633,-0.5,3,-0.23950342999909346,-0.1
2025-03-20,-0.9634834010236802,-1.0,3,-0.2805798944899476,-0.175
2025-03-21,0.028589235549148613,0.5,3,-0.32881955582678574,-0.2
2025-03-24,0.9568232866712607,0.5,3,-0.23889288692422594,-0.125
2025-03-25,-0.6687765004546927,-0.5,3,-0.2232008288290893,-0.125
2025-03-26,-0.006270122546098494,-0.5,3,-0.17936667762356448,-0.125
2025-03-27,-0.8599330522534193,-1.0,3,-0.19052710334338144,-0.15
2025-03-28,-0.7149736827171017,-0.5,3,-0.2628669397467086,-0.225
2025-03-31,0.24599209057462543,0.5,3,-0.20135942208105476,-0.15
2025-04-01,0.9560463439484566,0.5,3,-0.14240481432938684,-0.15
2025-04-02,-0.5531996840095994,-0.5,3,-0.14511663746891434,-0.15
2025-04-03,-0.5252061479448757,-0.5,3,-0.18851368776754468,-0.2
2025-04-07,0.2373520330765133,-0.5,3,-0.15088001567755244,-0.2
2025-04-08,0.8777909733277068,0.5,3,-0.15668457341536507,-0.225
2025-04-09,-0.20481138748246844,0.5,3,-0.12287193840111088,-0.15
2025-04-10,0.9874837191878488,1.0,3,-0.056535215401253655,-0.075
2025-04-11,0.15430789244236826,-0.5,3,-0.012823343375906269,-0.05
2025-04-14,0.6912117658131535,0.5,3,-0.028130464498727987,-0.075
2025-04-15,0.9961665522191269,1.0,3,0.02303993894135072,-0.05
2025-04-16,0.9775017896883454,1.0,3,0.10694414378499259,0.025
2025-04-17,0.4262419811168497,0.5,3,0.1519426842591734,0.075
2025-04-18,0.984823233963555,1.0,3,0.2493580160085352,0.175
2025-04-21,-0.7495828510119872,-0.5,3,0.2104494116804784,0.125
2025-04-22,0.5553476914415321,0.5,3,0.19037563191899193,0.125
2025-04-23,-0.9618932132805265,-1.0,3,0.17571979627770026,0.1
2025-04-24,-0.7201083543277566,-1.0,3,0.14002788468861735,0.075
2025-04-25,-0.3903803598437906,-0.5,3,0.1635055193090988,0.1
2025-04-28,0.7071577685046586,1.0,3,0.23461209187018678,0.175
2025-04-29,0.8580617183471728,0.5,3,0.2652155732588142,0.175
2025-04-30,0.23246207448728345,0.5,3,0.2290363597857555,0.175
2025-05-06,-0.08175973952180315,0.5,3,0.25260835701014533,0.225
2025-05-07,0.4563865526418023,-0.5,3,0.30168799203947927,0.225
2025-05-08,0.8673633936562022,1.0,3,0.3331885600684637,0.3
2025-05-09,-0.7605393191006034,-1.0,3,0.2512720454470482,0.225
2025-05-12,0.9238712045176322,1.0,3,0.3077061750470532,0.25
2025-05-13,-0.9694849155702475,-1.0,3,0.20985774330914836,0.15
2025-05-14,-0.272519317869229,-0.5,3,0.1885163827935685,0.15
2025-05-15,0.971625052914258,1.0,3,0.20253704714862378,0.175
2025-05-16,-0.9765193567027308,-1.0,3,0.10390275170253087,0.075
2025-05-19,0.593197534955388,0.5,3,0.08468753896588299,0.05
2025-05-20,0.4187916361842797,0.5,3,0.0843150217192545,0.05
2025-05-21,-0.9448772130039985,-0.5,3,-0.012170000629123184,-0.025
2025-05-22,0.029950172356003887,0.5,3,0.026806650539276368,0.025
2025-05-23,-0.9958469885170648,-1.0,3,-0.05075308345865348,-0.05
2025-05-26,0.3661033188397851,0.5,3,0.015646743147362103,0.025
2025-05-27,0.877378615502078,1.0,3,0.09552109163885383,0.125
2025-05-28,-0.44623898390629335,-0.5,3,0.0927281604357287,0.125
2025-05-29,-0.8691604344437573,-1.0,3,0.013912250288307898,0.025
2025-05-30,-0.9888712587487147,-1.0,3,-0.07843439856648649,-0.05
2025-06-03,0.992721221467999,1.0,3,-0.040421441217450706,-0.025
2025-06-04,-0.612796131866113,-0.5,3,-0.0669732608346662,-0.075
2025-06-05,0.7833126530003154,0.5,3,-0.05062695581674055,-0.025
2025-06-06,-0.3188685454791222,-0.5,3,-0.10993855277350677,-0.1
2025-06-09,-0.9885782514389907,-1.0,3,-0.12134049939042613,-0.1
2025-06-10,-0.5866328302549199,-0.5,3,-0.19686570112905374,-0.175
2025-06-11,-0.8987355087891582,-0.5,3,-0.19332823078999928,-0.15
2025-06-12,0.23724235503851437,0.5,3,-0.1678401471446121,-0.1
2025-06-13,0.2506292678383601,0.5,3,-0.20388993639840697,-0.125
2025-06-16,-0.8600531873214491,-1.0,3,-0.1980666279293429,-0.125
2025-06-17,-0.01106632409056602,-0.5,3,-0.22827982088164064,-0.175
2025-06-18,-0.4815415618459426,-0.5,3,-0.2732964807831517,-0.225
2025-06-19,-0.5748491945067645,-0.5,3,-0.25479507985829003,-0.225
2025-06-20,-0.7079409178193738,-0.5,3,-0.29168963436705886,-0.275
2025-06-23,-0.5589132488486844,-0.5,3,-0.26984294738363984,-0.25
2025-06-24,-0.4964244008771473,-0.5,3,-0.3129693333694865,-0.3
2025-06-25,-0.3743239974635919,0.5,3,-0.37555446401777004,-0.325
2025-06-26,0.9782653408741213,1.0,3,-0.30432924777874926,-0.25
2025-06-27,0.5943236283789156,0.5,3,-0.2311550446376156,-0.175
2025-06-30,0.2921013695754012,0.5,3,-0.16710641322140982,-0.1
2025-07-01,-0.9972486206308971,-1.0,3,-0.26660490532635467,-0.2
2025-07-02,0.9961581752633465,1.0,3,-0.18615718996988168,-0.125
2025-07-03,-0.5281528839884877,-0.5,3,-0.2517304668193218,-0.175
2025-07-04,0.013911640208267144,0.5,3,-0.2350914575349523,-0.125
2025-07-07,-0.3889378921907545,-0.5,3,-0.20510943957254052,-0.1
2025-07-08,0.49252203493391533,0.5,3,-0.15115169631309877,-0.05
2025-07-09,0.6511808758349639,0.5,3,-0.07365587708189267,0.0
2025-07-10,-0.11746230088378265,-0.5,3,-0.09139110987800754,-0.05
2025-07-11,-0.699906974444692,-0.5,3,-0.13891792199216013,-0.1
2025-07-14,0.9257493780076317,0.5,3,-0.049627793725706096,-0.025
2025-07-15,-0.9131563604471986,-1.0,3,-0.09473229554353772,-0.05
2025-07-16,-0.7098586827538941,-1.0,3,-0.10614815158893529,-0.075
2025-07-17,-0.6352445276031556,-0.5,3,-0.10916791824375485,-0.075
2025-07-18,-0.5780282475560542,-0.5,3,-0.10267228473058887,-0.075
2025-07-21,-0.9136322456899695,-1.0,3,-0.12040823457265312,-0.1
2025-07-22,0.8364555213351144,0.5,3,-0.05376423846204004,-0.05
2025-07-23,-0.996959647865621,-1.0,3,-0.08489602098214148,-0.125
2025-07-24,0.6112694393900575,0.5,3,-0.10324581605634468,-0.15
2025-07-25,0.8636397268380702,1.0,3,-0.08978001113338696,-0.125
2025-07-28,0.551192970063102,0.5,3,-0.0768254311090019,-0.125
2025-07-29,0.708721598053667,0.5,3,0.008473079825226293,-0.05
2025-07-30,0.5121560335323792,0.5,3,-0.015727027261322073,-0.075
2025-07-31,-0.8419601625067791,-1.0,3,-0.031417391187236646,-0.1
2025-08-01,0.7901671969913107,0.5,3,0.0073953866519155306,-0.1
2025-08-04,-0.2825587842380809,-0.5,3,0.012714342049549215,-0.1
2025-08-05,0.5861659198538637,0.5,3,0.01739653629554663,-0.1
2025-08-06,-0.8364793316366811,-0.5,3,-0.05698647407803562,-0.15
2025-08-07,0.6578869707474962,0.5,3,-0.018219010496471667,-0.1
2025-08-08,0.45315223810313965,0.5,3,0.03943395013091991,-0.05
2025-08-11,-0.06952811122194692,-0.5,3,-0.01032992433055902,-0.1
2025-08-12,0.8624785405224455,0.5,3,0.07845182071792318,-0.025
2025-08-13,-0.7796722738799347,-0.5,3,0.07496114116162116,0.0
2025-08-14,-0.993194965364688,-1.0,3,0.05706361927354455,-0.025
2025-08-15,-0.47064815215004313,-0.5,3,0.0624326240438451,-0.025
2025-08-18,-0.7014727663343827,-0.5,3,0.07304059801162442,0.0
2025-08-19,-0.9836486852209732,-0.5,3,-0.017964612316179945,-0.05
2025-08-20,0.9116117927717672,0.5,3,0.07746395971568946,0.025
2025-08-21,-0.8595935814028777,-0.5,3,0.003920808676042703,-0.025
2025-08-22,0.6321924904919873,0.5,3,-0.007651553141261441,-0.05
2025-08-25,0.9740591752815773,0.5,3,0.013491757119662324,-0.05
2025-08-26,-0.9878337474059873,-1.0,3,-0.07133601015332039,-0.125
2025-08-27,0.4476282374459755,0.5,3,-0.07456239995764057,-0.125
2025-08-28,0.1931496371132336,0.5,3,-0.02280690997663994,-0.05
2025-08-29,0.9765016784367159,1.0,3,-0.013490185904369683,-0.025
2025-09-01,-0.4165671626794784,-0.5,3,-0.020190604826439553,-0.025
2025-09-02,0.9965135545624334,1.0,3,0.0003267769089889294,0.0
2025-09-03,0.9853284467933054,1.0,3,0.09141716583048827,0.075
2025-09-04,-0.2950679140463099,-0.5,3,0.04376942159079796,0.025
2025-09-05,-0.2103476189573502,-0.5,3,0.010594428737773462,-0.025
2025-09-08,0.17655703289883962,0.5,3,0.022898685943812787,0.025
2025-09-09,-0.16929082705289628,0.5,3,-0.028689782434954302,0.025
2025-09-10,0.7278274256090232,0.5,3,0.04668520253949359,0.075
2025-09-11,0.7889704808164387,1.0,3,0.13579347484854992,0.175
2025-09-12,-0.6976255218670081,-1.0,3,0.12444460636270167,0.15
2025-09-15,-0.01733503369603258,0.5,3,0.15865149299461917,0.2
2025-09-16,0.6783295875698366,0.5,3,0.24175040663415967,0.25
2025-09-17,0.722286295145835,0.5,3,0.23228413175286305,0.25
2025-09-18,0.8748684777892733,0.5,3,0.31900723471247067,0.3
2025-09-19,-0.16333378864185474,-0.5,3,0.2792309207557785,0.25
2025-09-22,0.37911992462711364,0.5,3,0.24948395822305533,0.25
2025-09-23,-0.8576777591825893,-0.5,3,0.25599175763422527,0.275
2025-09-24,-0.10079512831493981,-0.5,3,0.22857058934617944,0.225
2025-09-25,0.21563178787267026,0.5,3,0.22969469688415128,0.225
2025-09-26,-0.5734607822049327,-0.5,3,0.1521965738520689,0.15
2025-09-29,-0.08272701680169678,0.5,3,0.16888858114595798,0.2
2025-09-30,0.8464147410387753,0.5,3,0.16138364046977505,0.175
2025-10-09,0.18365133111231852,0.5,3,0.1212997846857257,0.15
2025-10-10,0.07481217679300184,0.5,3,0.13979378922769128,0.2
2025-10-13,0.8865024328525527,1.0,3,0.19463629181818645,0.275
2025-10-14,-0.9407840885712596,-1.0,3,0.13876923574468147,0.2
2025-10-15,0.06220594063987451,0.5,3,0.15034407412932,0.2
2025-10-16,-0.018046843531965555,-0.5,3,0.11305036067227056,0.15
2025-10-17,-0.7332333955957244,-0.5,3,0.036940166851662425,0.075
2025-10-20,-0.2552848338876908,0.5,3,0.059057201250628286,0.15
2025-10-21,-0.04452078979413869,-0.5,3,0.05769791344572298,0.1
2025-10-22,0.03751489562668801,0.5,3,0.025657178848565547,0.1
2025-10-23,0.9690134978052071,1.0,3,0.03799353898153415,0.125
2025-10-24,0.9993810792751417,1.0,3,0.044219169055827574,0.15
2025-10-27,-0.9978950970233049,-1.0,3,0.0024911036367550655,0.125
2025-10-28,-0.5479749361935415,-0.5,3,-0.04386363940427769,0.075
2025-10-29,-0.9933150979290454,-1.0,3,-0.0506455063416005,0.05
2025-10-30,-0.019965238225600847,0.5,3,-0.04660401183713355,0.1
2025-10-31,-0.4703409521787122,-0.5,3,-0.08090264883970268,0.05
2025-11-03,-0.46271901077707994,-0.5,3,-0.07536556026831005,0.05
2025-11-04,0.28713659926662416,-0.5,3,-0.056872379464893985,0.0
2025-11-05,0.10217448902745002,-0.5,3,-0.09408439206546027,-0.05
2025-11-06,-0.8250244102411157,-1.0,3,-0.14451817913313197,-0.125
2025-11-07,0.4475313633461046,0.5,3,-0.12588221980547684,-0.125
2025-11-10,0.4391755300228076,0.5,3,-0.1482485649469641,-0.15
2025-11-11,0.8061053137603553,0.5,3,-0.06090409483038335,-0.075
2025-11-12,-0.9621940184495743,-1.0,3,-0.11212409278485577,-0.15
2025-11-13,-0.19656169551551547,-0.5,3,-0.12104983538403329,-0.15
2025-11-14,-0.5485004127197776,-0.5,3,-0.11181318624023592,-0.15
2025-11-17,-0.9510287864680198,-1.0,3,-0.1466003838692524,-0.225
2025-11-18,0.9999732313682689,1.0,3,-0.094375682811132,-0.15
2025-11-19,-0.7865630177096079,-0.5,3,-0.13557957847794683,-0.2
2025-11-20,0.4580454106804434,0.5,3,-0.161127982834185,-0.225
2025-11-21,0.9523983737902425,0.5,3,-0.16347711810842996,-0.25
2025-11-24,-0.5771810784883619,-0.5,3,-0.1424414171816828,-0.225
2025-11-25,-0.9968413800686386,-1.0,3,-0.16488473937543766,-0.25
2025-11-26,-0.7945641660104147,-1.0,3,-0.15494719277950614,-0.25
2025-11-27,0.6536830029225472,0.5,3,-0.12126478072209872,-0.25
2025-11-28,-0.9755260132147073,-1.0,3,-0.14652403377389847,-0.275
2025-12-01,-0.8580311973130571,-0.5,3,-0.16628964310069733,-0.275
2025-12-02,0.9158749319183538,1.0,3,-0.13485272646811083,-0.2
2025-12-03,0.5932949535769068,0.5,3,-0.11029670324063803,-0.15
2025-12-04,0.06082787763253849,0.5,3,-0.0660040888469553,-0.075
2025-12-05,0.7522044284592675,0.5,3,-0.050770435591297146,-0.075
2025-12-08,0.16837631151530966,0.5,3,-0.06431039651667204,-0.075
2025-12-09,0.9148829416007368,1.0,3,-0.058871515124652975,-0.05
2025-12-10,0.9999803988385245,1.0,3,0.039237205739751965,0.05
2025-12-11,-0.9963723172693963,-1.0,3,-0.0007533253479420742,0.025
2025-12-12,0.31842582503523925,0.5,3,0.042592986539808766,0.075
2025-12-15,-0.6952692445468958,-0.5,3,0.05538096363586496,0.1
2025-12-16,0.3679430800319414,0.5,3,0.023779456069048594,0.075
2025-12-17,-0.7704833277189506,-0.5,3,0.024583440568581465,0.075
2025-12-18,0.9652783177875219,1.0,3,0.04994508592393539,0.1
