cap_weight,pos_alpha,max_to,rebalance_every,gamma,topk,sharpe_net,ann_ret_net,mdd_net,turnover_mean
0.35,0.6,0.5,5,0.5,1,2.888373609653455,0.48910833627051264,-0.043565362302568245,0.04204174609488248
0.25,0.6,0.5,5,0.5,1,2.8755214448045834,0.5040439069242744,-0.0392663011973422,0.028384702694003085
0.35,0.6,0.3,5,0.5,1,2.8472679333870206,0.4699415852073079,-0.04431915044831325,0.03741078503535896
0.25,0.6,0.3,5,0.5,1,2.841434319484121,0.48675379970223354,-0.04066364715137172,0.02796595340902537
0.35,0.4,0.5,5,0.5,1,2.8404791034997157,0.47868607010916975,-0.04091415602963122,0.02383506059392845
0.35,0.4,0.3,5,0.5,1,2.829842699015498,0.4739777480467875,-0.04091415602963122,0.0238894446682673
0.35,0.25,0.3,5,0.5,1,2.7819793701339286,0.4686231198081938,-0.04091415602963122,0.01410746499880458
0.25,0.4,0.5,5,0.5,1,2.7752679503594693,0.48073161659661046,-0.03725916842090393,0.011374047552128692
0.15,0.6,0.5,5,0.5,1,2.7703093877425076,0.5023944614198272,-0.03778171719325518,0.007390551772588306
0.35,0.25,0.5,5,0.5,1,2.7676928369602676,0.46553130158044076,-0.04091415602963122,0.01437413166547125
0.25,0.4,0.3,5,0.5,1,2.7547487122776966,0.47409300786166897,-0.037259168420904154,0.011040714218795359
0.35,0.4,0.1,5,0.5,1,2.7542789080893644,0.4605277551717477,-0.04096509416086325,0.014335165927755376
0.15,0.6,0.3,5,0.5,1,2.734410111022035,0.4872361106366039,-0.03778171719325529,0.0068191232011597346
0.15,0.6,0.1,5,0.5,1,2.7317688050643194,0.4869902850836456,-0.037781717308631,0.006710907128638878
0.35,0.25,0.1,5,0.5,1,2.715717718169101,0.45672041173032163,-0.04091415602963122,0.013900847352507033
0.15,0.4,0.5,5,0.5,1,2.711619326676387,0.4869886491758493,-0.04023406884976455,0.0027555555555555554
0.35,0.6,0.1,5,0.5,1,2.708195448256001,0.4601530398443274,-0.04091415602963122,0.010605950511133276
0.15,0.25,0.5,5,0.5,1,2.703639200593979,0.4846697018407211,-0.04023406884976444,0.002612698412698413
0.15,0.6,0.5,5,1.5,1,2.7016353370034474,0.46894613980642874,-0.037741343825814844,0.006999034743845876
0.25,0.4,0.1,5,0.5,1,2.6928741409588453,0.46237780050681176,-0.03893008177881152,0.010925466225814527
0.15,0.25,0.3,5,0.5,1,2.692496747595861,0.4814794226795933,-0.04023406884976455,0.002422222222222222
0.15,0.4,0.3,5,0.5,1,2.692496747595861,0.4814794226795933,-0.04023406884976455,0.002422222222222222
0.15,0.4,0.1,5,0.5,1,2.687291550155682,0.47983708003805403,-0.04023406884976455,0.0024354235423542352
0.15,0.25,0.1,5,0.5,1,2.6835596237536965,0.4787861599690002,-0.04023406884976477,0.0024950927293615624
0.15,0.6,0.5,5,1.0,1,2.6799584941688703,0.46171583502133906,-0.0379078092173043,0.007273373203480055
0.25,0.4,0.5,5,1.5,1,2.679675828351435,0.44110574932177826,-0.03707263327604893,0.010680689342005483
0.25,0.25,0.3,5,0.5,1,2.6732947908394213,0.46281013448882913,-0.04023406884976455,0.0025555555555555557
0.25,0.25,0.5,5,0.5,1,2.6706012649296396,0.46217684224731514,-0.040234068849764326,0.0026015325670498087
0.15,0.6,0.3,5,1.5,1,2.6649181605986407,0.4541252645698395,-0.037741343825814844,0.006427606172417304
0.25,0.6,0.5,5,1.5,1,2.66477272058348,0.4377824152793617,-0.0396904518803628,0.026890231135965156
0.15,0.6,0.1,5,1.5,1,2.6621171344833856,0.4538751202543836,-0.03774134482135749,0.0063179109751596105
0.15,0.4,0.5,5,1.5,1,2.6605244550234985,0.45938703010936677,-0.04023406884976488,0.0027555555555555554
0.25,0.6,0.1,5,0.5,1,2.6598117129991854,0.4607757881448873,-0.04023406884976488,0.0031908571465549583
0.25,0.4,0.3,5,1.5,1,2.65847349375006,0.4346447964332236,-0.037072633276048816,0.01034735600867215
0.15,0.25,0.5,5,1.5,1,2.652346621936671,0.4571111272863906,-0.04023406884976466,0.002612698412698413
0.25,0.4,0.5,5,1.0,1,2.6495466729915718,0.4320447747916041,-0.0373387934881213,0.01117852987320886
0.25,0.6,0.3,5,1.5,1,2.649345900954687,0.4248954154237634,-0.04069951632488955,0.026101302428495298
0.35,0.25,0.3,5,1.5,1,2.6472620058261684,0.42288529893354876,-0.04091415602963122,0.013157723137703803
0.15,0.4,0.5,5,1.0,1,2.645970916025689,0.4543949233161704,-0.04023406884976466,0.0027555555555555554
0.15,0.6,0.3,5,1.0,1,2.6429733226675887,0.4469679096651007,-0.03790780921730419,0.006701944632051484
0.35,0.4,0.5,5,1.5,1,2.64287408629977,0.41898277697930975,-0.04091415602963122,0.02251505811726161
0.25,0.25,0.1,5,0.5,1,2.6423597642181487,0.45514745581434735,-0.04023406884976477,0.002982465014331479
0.15,0.25,0.3,5,1.5,1,2.6409246670493403,0.45398006637832156,-0.04023406884976455,0.002422222222222222
0.15,0.4,0.3,5,1.5,1,2.6409246670493403,0.45398006637832156,-0.04023406884976455,0.002422222222222222
0.15,0.6,0.1,5,1.0,1,2.6401745396505496,0.44672073526262723,-0.03790780954847117,0.006592248356074549
0.15,0.25,0.5,5,1.0,1,2.6377613641622477,0.4521268056452521,-0.04023406884976477,0.002612698412698413
0.25,0.4,0.1,5,1.5,1,2.6366198717581093,0.43104826776633853,-0.03728704170807717,0.010163578302878753
0.15,0.4,0.1,5,1.5,1,2.635597613857406,0.45236820905083963,-0.04023406884976477,0.0024354235423542352
0.35,0.25,0.5,5,1.5,1,2.632480795446054,0.419889770234654,-0.04091415602963122,0.013424389804370468
0.15,0.25,0.1,5,1.5,1,2.6317707410395754,0.45133679625605394,-0.04023406884976477,0.0024950927293615624
0.35,0.4,0.3,5,1.5,1,2.6314656953982793,0.4144644325723037,-0.04091415602963122,0.02256954424410306
0.35,0.6,0.5,5,0.5,2,2.6289676321900743,0.44698665591167264,-0.06718349032774196,0.04420127153147683
0.25,0.4,0.3,5,1.0,1,2.628170071766623,0.42562444524355936,-0.03733879348812141,0.010845196539875528
0.15,0.25,0.3,5,1.0,1,2.626295213811758,0.4490064551177122,-0.04023406884976455,0.002422222222222222
0.15,0.4,0.3,5,1.0,1,2.626295213811758,0.4490064551177122,-0.04023406884976455,0.002422222222222222
0.25,0.25,0.3,5,1.5,1,2.622081415307953,0.4356573192194406,-0.04023406884976444,0.0025555555555555557
0.15,0.4,0.1,5,1.0,1,2.6209461212080893,0.44740011145024305,-0.04023406884976477,0.0024354235423542352
0.25,0.25,0.5,5,1.5,1,2.6193094742938996,0.4350357822063313,-0.04023406884976455,0.0026015325670498087
0.15,0.25,0.1,5,1.0,1,2.617104454948377,0.4463722267961876,-0.04023406884976466,0.0024950927293615624
0.35,0.6,0.1,5,1.5,1,2.6133353697737056,0.42158481438268147,-0.04091415602963122,0.009841135087554654
0.25,0.4,0.1,5,1.0,1,2.6100726615606256,0.4229729725033098,-0.03728704170807717,0.010524047261137828
0.25,0.6,0.1,5,1.5,1,2.608127832030871,0.43366073459806653,-0.04023406884976444,0.0031908571465549583
0.25,0.25,0.3,5,1.0,1,2.6072656132524776,0.43074638434876267,-0.04023406884976444,0.0025555555555555557
0.25,0.25,0.5,5,1.0,1,2.604483305506103,0.4301269734194699,-0.04023406884976466,0.0026015325670498087
0.25,0.6,0.1,5,1.0,1,2.5932694489648807,0.4287566294192029,-0.04023406884976444,0.0031908571465549583
0.35,0.25,0.1,5,1.5,1,2.591483106864963,0.41274546575721316,-0.04091415602963122,0.012998258330822502
0.35,0.4,0.1,5,1.5,1,2.5911286523130537,0.40919149021083423,-0.04131800258118146,0.014765386317838605
0.25,0.25,0.1,5,1.5,1,2.590271326307487,0.4281368758861106,-0.04023406884976466,0.002982465014331479
0.35,0.6,0.3,5,0.5,2,2.586274935021925,0.4329251362209232,-0.06718349032774196,0.03958129892989878
0.25,0.6,0.5,5,0.5,2,2.578549980677375,0.4444129325671844,-0.06718349032774196,0.030572813425017786
0.25,0.25,0.1,5,1.0,1,2.575332517441033,0.42325166610101883,-0.04023406884976455,0.002982465014331479
0.35,0.4,0.5,5,1.0,3,2.575012683093257,0.4186158573954264,-0.06234506367564574,0.02174522769594958
0.35,0.4,0.3,5,1.0,3,2.575012683093257,0.4186158573954264,-0.06234506367564574,0.02174522769594958
0.25,0.6,0.1,1,1.0,3,2.5748576033429744,0.42351554854533324,-0.06176603605219544,0.037118564308774346
0.25,0.6,0.1,1,1.5,3,2.574414493080308,0.42266233089328265,-0.06176603605219544,0.03580978778566461
0.35,0.25,0.3,5,1.0,1,2.5738183531088707,0.40601992134956677,-0.04091415602963122,0.014072293519199594
0.35,0.6,0.1,5,1.0,1,2.5714368211277874,0.410653672357022,-0.04091415602963122,0.010388685702634728
0.25,0.6,0.3,5,0.5,2,2.571295040851053,0.4426496389659156,-0.06718349032774196,0.030299286742358704
0.35,0.4,0.3,5,0.5,2,2.564554444350157,0.4404290658972019,-0.06718349032774196,0.026026023448034983
0.35,0.4,0.5,5,0.5,2,2.5626461754451713,0.4397751213997505,-0.06718349032774196,0.026012774804408632
0.15,0.4,0.3,5,1.0,3,2.560780336791343,0.42049913939296957,-0.056756396540089016,0.0035555555555555553
0.15,0.4,0.3,5,1.5,3,2.560780336791343,0.42049913939296957,-0.056756396540089016,0.0035555555555555553
0.15,0.4,0.3,5,0.5,3,2.560780336791343,0.42049913939296957,-0.056756396540089016,0.0035555555555555553
0.25,0.6,0.5,5,1.0,1,2.560321882743173,0.4142535528264657,-0.03986810756107195,0.02808095294639606
0.15,0.4,0.5,5,1.5,3,2.5602762907579844,0.4203341645040426,-0.056949282101073306,0.0035555555555555553
0.15,0.4,0.5,5,1.0,3,2.5602762907579844,0.4203341645040426,-0.056949282101073306,0.0035555555555555553
0.15,0.4,0.5,5,0.5,3,2.5602762907579844,0.4203341645040426,-0.056949282101073306,0.0035555555555555553
0.35,0.25,0.5,5,1.0,1,2.558951238988742,0.4030598984799958,-0.04091415602963122,0.014338960185866261
0.25,0.6,0.1,1,0.5,3,2.557882130642219,0.4199837424703863,-0.06176603605219544,0.03546380823712772
0.15,0.25,0.1,5,0.5,3,2.5577183794099443,0.41958830274114534,-0.05779753531906795,0.003555555555555556
0.15,0.25,0.1,5,1.0,3,2.5577183794099443,0.41958830274114534,-0.05779753531906795,0.003555555555555556
0.15,0.25,0.1,5,1.5,3,2.5577183794099443,0.41958830274114534,-0.05779753531906795,0.003555555555555556
0.15,0.4,0.1,5,0.5,3,2.5577183794099443,0.41958830274114534,-0.05779753531906795,0.003555555555555556
0.15,0.4,0.1,5,1.0,3,2.5577183794099443,0.41958830274114534,-0.05779753531906795,0.003555555555555556
0.15,0.4,0.1,5,1.5,3,2.5577183794099443,0.41958830274114534,-0.05779753531906795,0.003555555555555556
0.35,0.25,0.1,5,1.0,3,2.5573113648379002,0.4152793708933906,-0.06341911963528091,0.014011276635010983
0.15,0.25,0.5,5,0.5,3,2.5566980452573547,0.4193223426016355,-0.058090523725893406,0.0035555555555555553
0.15,0.25,0.3,5,1.5,3,2.5566980452573547,0.4193223426016355,-0.058090523725893406,0.0035555555555555553
0.15,0.25,0.5,5,1.5,3,2.5566980452573547,0.4193223426016355,-0.058090523725893406,0.0035555555555555553
0.15,0.25,0.5,5,1.0,3,2.5566980452573547,0.4193223426016355,-0.058090523725893406,0.0035555555555555553
0.15,0.25,0.3,5,0.5,3,2.5566980452573547,0.4193223426016355,-0.058090523725893406,0.0035555555555555553
0.15,0.25,0.3,5,1.0,3,2.5566980452573547,0.4193223426016355,-0.058090523725893406,0.0035555555555555553
0.35,0.25,0.3,5,1.0,3,2.5557256699605695,0.41492237472922455,-0.06315934150059321,0.013986669906835695
0.35,0.25,0.5,5,1.0,3,2.5557256699605695,0.41492237472922455,-0.06315934150059321,0.013986669906835695
0.35,0.4,0.3,5,0.5,3,2.55530773809013,0.41486838940422843,-0.06234506367564574,0.02110174413248537
0.35,0.4,0.5,5,0.5,3,2.55530773809013,0.41486838940422843,-0.06234506367564574,0.02110174413248537
0.35,0.6,0.5,5,1.0,3,2.555244200755263,0.4161407083174995,-0.06173281789512619,0.034027372281694945
0.35,0.6,0.5,5,1.5,1,2.5537983265816777,0.40254901053229464,-0.048154279428510804,0.04036839348748802
0.25,0.25,0.1,5,1.0,3,2.553452146369562,0.4179300765161229,-0.059374532172510874,0.003555555555555556
0.25,0.25,0.1,5,0.5,3,2.553452146369562,0.4179300765161229,-0.059374532172510874,0.003555555555555556
0.25,0.25,0.1,5,1.5,3,2.553452146369562,0.4179300765161229,-0.059374532172510874,0.003555555555555556
0.35,0.25,0.1,5,0.5,3,2.551219654817804,0.4141758822230086,-0.06341911963528091,0.013649694764919808
0.35,0.6,0.3,5,1.0,3,2.550872400691477,0.41525291914970874,-0.06173281789512619,0.03397754097979579
0.35,0.25,0.3,5,0.5,3,2.5500764369095394,0.4139192652608974,-0.06315934150059321,0.013619047233593029
0.35,0.25,0.5,5,0.5,3,2.5500764369095394,0.4139192652608974,-0.06315934150059321,0.013619047233593029
0.25,0.25,0.3,5,1.0,3,2.549917972834939,0.4171450932182321,-0.060117904560737845,0.0035555555555555553
0.25,0.25,0.5,5,1.5,3,2.549917972834939,0.4171450932182321,-0.060117904560737845,0.0035555555555555553
0.25,0.25,0.5,5,0.5,3,2.549917972834939,0.4171450932182321,-0.060117904560737845,0.0035555555555555553
0.25,0.25,0.3,5,1.5,3,2.549917972834939,0.4171450932182321,-0.060117904560737845,0.0035555555555555553
0.25,0.25,0.5,5,1.0,3,2.549917972834939,0.4171450932182321,-0.060117904560737845,0.0035555555555555553
0.25,0.25,0.3,5,0.5,3,2.549917972834939,0.4171450932182321,-0.060117904560737845,0.0035555555555555553
0.25,0.25,0.1,1,0.5,3,2.5345406421149344,0.4144027733154241,-0.06184677992593779,0.003555555555555556
0.25,0.25,0.1,1,1.0,3,2.5345406421149344,0.4144027733154241,-0.06184677992593779,0.003555555555555556
0.25,0.25,0.1,1,1.5,3,2.5345406421149344,0.4144027733154241,-0.06184677992593779,0.003555555555555556
0.15,0.6,0.3,5,1.0,3,2.5343118722547557,0.41556960413516175,-0.0569098487680707,0.009286761449687961
0.15,0.6,0.5,5,1.0,3,2.5343118722547557,0.41556960413516175,-0.0569098487680707,0.009286761449687961
0.15,0.6,0.1,5,1.0,3,2.5311764421762577,0.41463360489764733,-0.05779753531906795,0.009232580366427596
0.25,0.6,0.1,5,1.0,3,2.5304064310156815,0.41330596194994706,-0.059374532172510874,0.007291483980655178
0.25,0.25,0.3,1,0.5,3,2.530302871344103,0.41308735478662983,-0.062082020782448843,0.0035555555555555553
0.25,0.25,0.5,1,0.5,3,2.530302871344103,0.41308735478662983,-0.062082020782448843,0.0035555555555555553
0.25,0.25,0.3,1,1.5,3,2.530302871344103,0.41308735478662983,-0.062082020782448843,0.0035555555555555553
0.25,0.25,0.5,1,1.5,3,2.530302871344103,0.41308735478662983,-0.062082020782448843,0.0035555555555555553
0.25,0.25,0.5,1,1.0,3,2.530302871344103,0.41308735478662983,-0.062082020782448843,0.0035555555555555553
0.25,0.25,0.3,1,1.0,3,2.530302871344103,0.41308735478662983,-0.062082020782448843,0.0035555555555555553
0.35,0.25,0.1,5,1.5,3,2.5300252846223916,0.4091321645741426,-0.06341911963528091,0.013933085867338024
0.25,0.6,0.1,5,0.5,3,2.5290609948536362,0.41257978646771565,-0.059374532172510874,0.007693515009060879
0.35,0.4,0.1,5,0.5,3,2.528839130867237,0.41153767419246523,-0.06252082233048017,0.019981362833485374
0.35,0.25,0.5,5,1.5,3,2.528435406833666,0.408776716281507,-0.06315934150059321,0.013908479139159666
0.35,0.25,0.3,5,1.5,3,2.528435406833666,0.408776716281507,-0.06315934150059321,0.013908479139159666
0.15,0.6,0.3,5,0.5,3,2.527686800829641,0.4140664411305641,-0.0569098487680707,0.009143374936133897
0.15,0.6,0.5,5,0.5,3,2.527686800829641,0.4140664411305641,-0.0569098487680707,0.009143374936133897
0.35,0.4,0.5,5,1.0,1,2.5268651858673934,0.39424253895033323,-0.04091415602963122,0.023846589899235614
0.15,0.6,0.5,5,1.5,3,2.5260762453089654,0.41321075232609794,-0.0569098487680707,0.009229692463605511
0.15,0.6,0.3,5,1.5,3,2.5260762453089654,0.41321075232609794,-0.0569098487680707,0.009229692463605511
0.35,0.4,0.5,5,1.5,3,2.525681867091436,0.40785628227497006,-0.06234506367564574,0.02155157277115619
0.35,0.4,0.3,5,1.5,3,2.525681867091436,0.40785628227497006,-0.06234506367564574,0.02155157277115619
0.25,0.4,0.1,1,1.0,3,2.5256455095405586,0.4042764065005806,-0.06127154429644999,0.04813475424448688
0.15,0.6,0.1,5,0.5,3,2.5245571900351544,0.413134858460124,-0.05779753531906795,0.00909049621068147
0.25,0.4,0.1,1,0.5,3,2.524271862279703,0.4028692265625491,-0.06127154429644999,0.048075635876045665
0.15,0.4,0.1,1,0.5,3,2.5236508159307127,0.411024273407701,-0.062468635683931684,0.0035555555555555553
0.15,0.4,0.1,1,1.5,3,2.5236508159307127,0.411024273407701,-0.062468635683931684,0.0035555555555555553
0.15,0.25,0.1,1,1.0,3,2.5236508159307127,0.411024273407701,-0.062468635683931684,0.0035555555555555553
0.15,0.25,0.1,1,0.5,3,2.5236508159307127,0.411024273407701,-0.062468635683931684,0.0035555555555555553
0.15,0.4,0.1,1,1.0,3,2.5236508159307127,0.411024273407701,-0.062468635683931684,0.0035555555555555553
0.15,0.25,0.1,1,1.5,3,2.5236508159307127,0.411024273407701,-0.062468635683931684,0.0035555555555555553
0.15,0.6,0.1,5,1.5,3,2.5229337662310654,0.4122763128024918,-0.05779753531906795,0.009175511380345145
0.35,0.25,0.3,5,1.5,2,2.522003872409124,0.4289978532810801,-0.06718349032774196,0.015357723137703803
0.25,0.6,0.1,5,1.5,3,2.5210986562182343,0.411006147050909,-0.059374532172510874,0.0073432655944949965
0.25,0.4,0.1,1,1.5,3,2.518833970878254,0.40392216499146416,-0.06127154429644999,0.04795387360572533
0.15,0.6,0.1,1,1.0,3,2.518397901648254,0.40508371547301225,-0.062178481192345814,0.02804899188287735
0.15,0.25,0.5,1,1.5,3,2.518335815788617,0.40946495640447145,-0.06276118718577839,0.003555555555555556
0.15,0.25,0.5,1,1.0,3,2.518335815788617,0.40946495640447145,-0.06276118718577839,0.003555555555555556
0.15,0.25,0.5,1,0.5,3,2.518335815788617,0.40946495640447145,-0.06276118718577839,0.003555555555555556
0.15,0.25,0.3,1,1.0,3,2.518335815788617,0.40946495640447145,-0.06276118718577839,0.003555555555555556
0.15,0.25,0.3,1,1.5,3,2.518335815788617,0.40946495640447145,-0.06276118718577839,0.003555555555555556
0.15,0.25,0.3,1,0.5,3,2.518335815788617,0.40946495640447145,-0.06276118718577839,0.003555555555555556
0.35,0.4,0.1,5,1.0,3,2.5178306807394297,0.40667053528185915,-0.06252082233048017,0.020330951444679408
0.35,0.4,0.1,5,1.5,2,2.5176858139715774,0.42864706109899275,-0.06718349032774196,0.01645654943843203
0.25,0.6,0.3,5,1.0,1,2.5166708934380964,0.3968538229560563,-0.04142597582131857,0.02758592658946743
0.35,0.25,0.3,5,0.5,2,2.5165885368415983,0.4374091509927227,-0.06718349032774196,0.01630746499880458
0.35,0.25,0.5,5,1.5,2,2.5160835709209706,0.42773807003100695,-0.06718349032774196,0.015357723137703803
0.15,0.6,0.1,1,0.5,3,2.515337129846442,0.40390804006400893,-0.062178481192345814,0.028103265274441073
0.35,0.4,0.3,5,1.0,1,2.514929541858325,0.38980321271271356,-0.04091415602963122,0.023901076092959016
0.15,0.6,0.1,1,1.5,3,2.514276661640397,0.4051078937474719,-0.062178481192345814,0.027891235608389214
0.15,0.4,0.3,1,1.5,3,2.5134017493560146,0.4080768543193527,-0.06301782363468766,0.0035555555555555553
0.15,0.4,0.5,1,1.0,3,2.5134017493560146,0.4080768543193527,-0.06301782363468766,0.0035555555555555553
0.15,0.4,0.5,1,0.5,3,2.5134017493560146,0.4080768543193527,-0.06301782363468766,0.0035555555555555553
0.15,0.4,0.5,1,1.5,3,2.5134017493560146,0.4080768543193527,-0.06301782363468766,0.0035555555555555553
0.15,0.4,0.3,1,1.0,3,2.5134017493560146,0.4080768543193527,-0.06301782363468766,0.0035555555555555553
0.15,0.4,0.3,1,0.5,3,2.5134017493560146,0.4080768543193527,-0.06301782363468766,0.0035555555555555553
0.35,0.6,0.5,5,0.5,3,2.5127066965817146,0.40724932134713465,-0.06173281789512619,0.03284340211720344
0.35,0.6,0.3,5,0.5,3,2.5127066965817146,0.40724932134713465,-0.06173281789512619,0.03284340211720344
0.35,0.4,0.1,5,0.5,2,2.511196939340568,0.43643665366400053,-0.06718349032774196,0.016026329048348803
0.35,0.25,0.1,5,1.0,1,2.5108898659074352,0.395443825349477,-0.04091415602963122,0.013612611192639202
0.35,0.25,0.5,5,0.5,2,2.5107682434485943,0.4361424003587031,-0.06718349032774196,0.01630746499880458
0.25,0.4,0.5,5,1.0,3,2.5094819155245682,0.4103781872723151,-0.05884361982140329,0.014004811295042946
0.25,0.4,0.3,5,1.0,3,2.5094819155245682,0.4103781872723151,-0.05884361982140329,0.014004811295042946
0.35,0.6,0.5,5,1.5,3,2.508590382789405,0.4049573771590371,-0.06173281789512619,0.0334556626138931
0.15,0.6,0.5,1,1.0,3,2.5053717797955604,0.4015407925708796,-0.06277105976432862,0.028132742647040524
0.15,0.6,0.3,1,1.0,3,2.5053717797955604,0.4015407925708796,-0.06277105976432862,0.028132742647040524
0.35,0.25,0.1,5,1.5,2,2.504415984434699,0.4256494899443086,-0.06718349032774196,0.014558691935158545
0.35,0.6,0.3,5,1.5,3,2.5042008653374466,0.40407659884046687,-0.06173281789512619,0.03340583131199395
0.25,0.4,0.1,5,1.0,3,2.502813587748621,0.40882576387627734,-0.059374532172510874,0.01387959326427083
0.15,0.6,0.5,1,0.5,3,2.502162719367743,0.4003352826449631,-0.06277105976432862,0.02818703160434657
0.15,0.6,0.3,1,0.5,3,2.502162719367743,0.4003352826449631,-0.06277105976432862,0.02818703160434657
0.15,0.6,0.3,1,1.5,3,2.501282303683771,0.4015722998437996,-0.06277105976432862,0.02797497897082067
0.15,0.6,0.5,1,1.5,3,2.501282303683771,0.4015722998437996,-0.06277105976432862,0.02797497897082067
0.25,0.4,0.3,1,1.0,3,2.5010362181231596,0.39842897372994623,-0.06211313202417801,0.04809435616368885
0.25,0.4,0.5,1,1.0,3,2.5010362181231596,0.39842897372994623,-0.06211313202417801,0.04809435616368885
0.25,0.4,0.3,5,1.5,3,2.4969066936406206,0.4066445189963128,-0.05884361982140329,0.013874317372219313
0.25,0.4,0.5,5,1.5,3,2.4969066936406206,0.4066445189963128,-0.05884361982140329,0.013874317372219313
0.25,0.4,0.3,5,0.5,3,2.49635599823921,0.4074600752861952,-0.05884361982140329,0.013745427432421986
0.25,0.4,0.5,5,0.5,3,2.49635599823921,0.4074600752861952,-0.05884361982140329,0.013745427432421986
0.25,0.4,0.5,1,1.5,3,2.4956952560119077,0.39896785232617105,-0.06211313202417801,0.04784327362620227
0.25,0.4,0.3,1,1.5,3,2.4956952560119077,0.39896785232617105,-0.06211313202417801,0.04784327362620227
0.25,0.4,0.5,1,0.5,3,2.4943099320177544,0.3954315188308297,-0.06211313202417801,0.048181050375177524
0.25,0.4,0.3,1,0.5,3,2.4943099320177544,0.3954315188308297,-0.06211313202417801,0.048181050375177524
0.25,0.4,0.1,5,0.5,3,2.4901221057449554,0.4065560676110347,-0.059374532172510874,0.01365466406781782
0.25,0.4,0.1,5,1.5,3,2.4897254279190575,0.4047992201771957,-0.059374532172510874,0.013753166077887785
0.35,0.25,0.3,5,1.0,2,2.4886045611129783,0.42252385290731453,-0.06718349032774196,0.016272293519199593
0.35,0.6,0.5,5,1.0,1,2.4873935064053776,0.38609162034700195,-0.04138955628751673,0.04211964210047506
0.35,0.6,0.1,1,0.5,3,2.4873461871078777,0.38588506082627094,-0.06072890778833029,0.07762848528099006
0.35,0.6,0.1,5,1.5,2,2.487000507900733,0.4290490213185414,-0.06718349032774196,0.011654267296960152
0.35,0.4,0.3,5,1.5,2,2.484345683481461,0.41184137263488485,-0.06718349032774196,0.02470614265901053
0.35,0.25,0.5,5,1.0,2,2.48268952868459,0.4212697770396636,-0.06718349032774196,0.016272293519199593
0.25,0.4,0.3,5,1.5,2,2.4825172170335597,0.4257425275602318,-0.06718349032774196,0.012680689342005483
0.25,0.4,0.5,5,1.5,2,2.4825172170335597,0.4257425275602318,-0.06718349032774196,0.012680689342005483
0.35,0.4,0.5,5,1.5,2,2.4825074281506057,0.4112302650621369,-0.06718349032774196,0.02469285176722274
0.35,0.25,0.1,5,0.5,2,2.4799611620299906,0.4297878469859786,-0.06718349032774196,0.015461280956843074
0.35,0.4,0.1,1,0.5,3,2.478626466418666,0.38938811108676874,-0.060519194038456625,0.07091770529613327
0.25,0.6,0.3,5,1.5,2,2.4785981032045923,0.40958405981731705,-0.06718349032774196,0.02843463576182863
0.35,0.6,0.3,5,1.5,1,2.477478280730548,0.3820797660261448,-0.04866132042840854,0.03705040333422427
0.35,0.4,0.1,5,1.5,3,2.4752723583702045,0.397319997399012,-0.06252082233048017,0.02009086908318855
0.25,0.4,0.3,5,1.0,2,2.47270663465333,0.4241180366856594,-0.06718349032774196,0.01317852987320886
0.25,0.4,0.5,5,1.0,2,2.47270663465333,0.4241180366856594,-0.06718349032774196,0.01317852987320886
0.25,0.6,0.5,5,1.0,3,2.4719887965485623,0.40543662184352036,-0.05856305453063981,0.028940108468883133
0.25,0.6,0.3,5,1.0,3,2.4712987279599794,0.4056285077500519,-0.05806196753160486,0.02902795317902565
0.35,0.25,0.1,5,1.0,2,2.470264931083181,0.4193701172357902,-0.06718349032774196,0.015173044796975245
0.35,0.4,0.1,5,1.0,1,2.4685280215932073,0.3828191354190362,-0.04220527878196012,0.014193774906978861
0.35,0.6,0.1,1,1.0,3,2.467901653567023,0.38691813896679883,-0.06072432284457219,0.0776475302777081
0.35,0.6,0.1,1,1.5,3,2.46769695429965,0.3878232055346329,-0.060748291399134735,0.07689848779353249
0.35,0.4,0.1,1,1.0,3,2.466424219437905,0.39166062666731793,-0.060519194038456625,0.07164084954050212
0.35,0.6,0.1,5,1.0,2,2.465883937087552,0.42522066470822906,-0.06718349032774196,0.012201817912040227
0.25,0.6,0.5,5,1.5,3,2.4658200652591757,0.4011015572756116,-0.05864640256867748,0.028670852839056342
0.25,0.4,0.5,5,0.5,2,2.4657497853765853,0.43091563738742145,-0.06718349032774196,0.013374047552128692
0.25,0.4,0.3,5,0.5,2,2.4657497853765853,0.43091563738742145,-0.06718349032774196,0.013374047552128692
0.25,0.6,0.3,5,1.5,3,2.4651175434256616,0.4012928513107006,-0.0586464025686777,0.028758697549198863
0.25,0.4,0.1,5,1.0,2,2.464968353049164,0.422275990317851,-0.06718349032774196,0.012590713927804493
0.25,0.4,0.1,5,1.5,2,2.4645485020767275,0.4218726474386243,-0.06718349032774196,0.01223024496954542
0.35,0.4,0.1,1,1.5,3,2.4620676424216836,0.39050229958251315,-0.06054383779680306,0.07094303147494956
0.35,0.6,0.1,5,0.5,2,2.4616943123248625,0.432446223453119,-0.06718349032774196,0.012419082720538778
0.35,0.4,0.1,5,1.0,2,2.457099448452154,0.4158579808301015,-0.06718349032774196,0.01588493802757229
0.15,0.6,0.3,5,1.5,2,2.453364680398943,0.4261272039863575,-0.06718349032774196,0.00889427283908397
0.15,0.6,0.5,5,1.5,2,2.453364680398943,0.4261272039863575,-0.06718349032774196,0.00889427283908397
0.35,0.6,0.3,5,1.0,1,2.451168471162516,0.3726647505997811,-0.04091415602963122,0.03795157603262572
0.35,0.25,0.1,1,1.0,3,2.4502105463579116,0.3879367232336395,-0.05942969446756141,0.04632791712907281
0.15,0.6,0.3,5,1.0,2,2.4493619555339112,0.42610263978618823,-0.06718349032774196,0.00916861129871815
0.15,0.6,0.5,5,1.0,2,2.4493619555339112,0.42610263978618823,-0.06718349032774196,0.00916861129871815
0.35,0.25,0.1,1,1.5,3,2.4492564853249594,0.3879283865448182,-0.05946356529509811,0.045887813479294125
0.25,0.6,0.5,5,1.5,2,2.4488307292205755,0.40438650119956043,-0.06718349032774196,0.029078408762156012
0.15,0.6,0.1,5,1.5,2,2.447471252193457,0.4251311880539641,-0.06718349032774196,0.008784577641826276
0.15,0.6,0.1,5,1.0,2,2.4434833115871384,0.4251064338878383,-0.06718349032774196,0.009058915022741216
0.35,0.25,0.1,1,0.5,3,2.4418932598653362,0.3835649282635558,-0.05942969446756141,0.04609831309354846
0.35,0.4,0.3,5,1.0,2,2.441061451884977,0.4028064524796968,-0.06718349032774196,0.02603767452143897
0.35,0.4,0.5,5,1.0,2,2.439201840799042,0.4021992500770155,-0.06718349032774196,0.026024383603458684
0.25,0.6,0.5,5,0.5,3,2.4386803706397906,0.3981900938325449,-0.05856305453063981,0.028203896059908008
0.35,0.6,0.1,5,0.5,3,2.4383533134256266,0.3980072505718377,-0.06267223540804456,0.02003169079776122
0.25,0.6,0.3,5,0.5,3,2.43801147181241,0.39838153892595884,-0.05806196753160486,0.02829202298184221
0.35,0.25,0.5,1,1.0,3,2.434721049520105,0.3835440332762181,-0.060427584861088235,0.046263370185332046
0.35,0.25,0.3,1,1.0,3,2.434721049520105,0.3835440332762181,-0.060427584861088235,0.046263370185332046
0.35,0.25,0.5,1,1.5,3,2.4341981364249126,0.3836511492775432,-0.06046067304733316,0.04582161654942386
0.35,0.25,0.3,1,1.5,3,2.4341981364249126,0.3836511492775432,-0.06046067304733316,0.04582161654942386
0.35,0.6,0.1,5,1.0,3,2.4318945872615187,0.39504220165452963,-0.06267223540804456,0.020544264467017872
0.35,0.25,0.3,1,0.5,3,2.427076467788062,0.3793408445200597,-0.06031947195878229,0.04600159951762556
0.35,0.25,0.5,1,0.5,3,2.427076467788062,0.3793408445200597,-0.06031947195878229,0.04600159951762556
0.15,0.6,0.3,5,0.5,2,2.4251998040853424,0.4250765712048754,-0.06718349032774196,0.009285789867826402
0.15,0.6,0.5,5,0.5,2,2.4251998040853424,0.4250765712048754,-0.06718349032774196,0.009285789867826402
0.15,0.6,0.1,5,0.5,2,2.4200522335586534,0.4242250016348603,-0.06718349032774196,0.009177573795305543
0.25,0.4,0.1,5,0.5,2,2.4193683919862097,0.4213147914332367,-0.06718349032774196,0.01299213289248119
0.25,0.6,0.5,5,1.0,2,2.419190326622818,0.3975645792235154,-0.06718349032774196,0.030269130578489716
0.25,0.6,0.3,5,1.0,2,2.409942204665932,0.395376497585866,-0.06718349032774196,0.029919259922800763
0.35,0.6,0.1,5,1.5,3,2.403330440609869,0.3876937487833565,-0.06267223540804456,0.020607999889557742
0.25,0.6,0.3,1,1.5,3,2.3974667611480434,0.3712272999360837,-0.06134196043288631,0.10690141064206553
0.15,0.4,0.3,5,1.0,2,2.395992917163927,0.42279547100509673,-0.06718349032774196,0.004888888888888889
0.15,0.4,0.5,5,1.0,2,2.395992917163927,0.42279547100509673,-0.06718349032774196,0.004888888888888889
0.15,0.25,0.5,5,1.0,2,2.395992917163927,0.42279547100509673,-0.06718349032774196,0.004888888888888889
0.15,0.25,0.3,5,1.0,2,2.395992917163927,0.42279547100509673,-0.06718349032774196,0.004888888888888889
0.25,0.6,0.3,1,1.0,3,2.3959301692425408,0.3684685980679314,-0.06134196043288631,0.10702068978338419
0.15,0.4,0.5,5,1.5,2,2.394215230765561,0.4213241256725597,-0.06718349032774196,0.004888888888888889
0.15,0.4,0.3,5,1.5,2,2.394215230765561,0.4213241256725597,-0.06718349032774196,0.004888888888888889
0.15,0.25,0.3,5,1.5,2,2.394215230765561,0.4213241256725597,-0.06718349032774196,0.004888888888888889
0.15,0.25,0.5,5,1.5,2,2.394215230765561,0.4213241256725597,-0.06718349032774196,0.004888888888888889
0.25,0.25,0.3,5,1.0,2,2.394118089059772,0.4221078682251753,-0.06718349032774196,0.00488888888888889
0.25,0.25,0.3,5,1.5,2,2.392338515634022,0.4206372339583959,-0.06718349032774196,0.00488888888888889
0.35,0.6,0.5,5,1.5,2,2.391821322916379,0.38688992374892295,-0.06718349032774196,0.04252793434342634
0.25,0.25,0.5,5,1.0,2,2.390233640878877,0.4212532039844159,-0.06718349032774196,0.00488888888888889
0.15,0.25,0.1,5,1.0,2,2.3894791080900357,0.42105257402854535,-0.06718349032774196,0.00488888888888889
0.15,0.4,0.1,5,1.0,2,2.3894791080900357,0.42105257402854535,-0.06718349032774196,0.00488888888888889
0.35,0.4,0.5,1,1.5,3,2.389271266952868,0.3681218686270813,-0.06183358121885296,0.07607307862262419
0.35,0.4,0.3,1,1.5,3,2.389271266952868,0.3681218686270813,-0.06183358121885296,0.07607307862262419
0.25,0.25,0.5,5,1.5,2,2.3884457050257097,0.41978345354547164,-0.06718349032774196,0.00488888888888889
0.15,0.25,0.1,5,1.5,2,2.3876898181600024,0.4195830310656272,-0.06718349032774196,0.00488888888888889
0.15,0.4,0.1,5,1.5,2,2.3876898181600024,0.4195830310656272,-0.06718349032774196,0.00488888888888889
0.25,0.6,0.1,5,1.0,2,2.3830136153696064,0.4193236203037982,-0.06718349032774196,0.005263616557734205
0.25,0.25,0.1,5,1.0,2,2.3824551278671335,0.4191806718379756,-0.06718349032774196,0.00488888888888889
0.25,0.6,0.1,5,1.5,2,2.3812127976957496,0.4178558652914621,-0.06718349032774196,0.005263616557734205
0.25,0.25,0.1,5,1.5,2,2.3806532641320928,0.41771306465191715,-0.06718349032774196,0.00488888888888889
0.35,0.4,0.3,1,1.0,3,2.379243148807473,0.36526247931252187,-0.06177851953198743,0.07644828972717783
0.35,0.4,0.5,1,1.0,3,2.379243148807473,0.36526247931252187,-0.06177851953198743,0.07644828972717783
0.15,0.4,0.5,5,0.5,2,2.3742786466672285,0.4170643706849799,-0.06718349032774196,0.004888888888888889
0.15,0.25,0.5,5,0.5,2,2.3742786466672285,0.4170643706849799,-0.06718349032774196,0.004888888888888889
0.15,0.25,0.3,5,0.5,2,2.3742786466672285,0.4170643706849799,-0.06718349032774196,0.004888888888888889
0.15,0.4,0.3,5,0.5,2,2.3742786466672285,0.4170643706849799,-0.06718349032774196,0.004888888888888889
0.25,0.6,0.5,1,1.5,3,2.373038059855706,0.3651841956755688,-0.06215590246518066,0.10710325946978629
0.25,0.25,0.3,5,0.5,2,2.3727409828215453,0.41643824830837195,-0.06718349032774196,0.00488888888888889
0.25,0.6,0.3,1,0.5,3,2.3717851391443348,0.3601500725730107,-0.06134196043288631,0.10751647366251878
0.25,0.25,0.5,5,0.5,2,2.368842929254631,0.41558692227617544,-0.06718349032774196,0.00488888888888889
0.15,0.4,0.1,5,0.5,2,2.3681280217579217,0.4153942304232139,-0.06718349032774196,0.00488888888888889
0.15,0.25,0.1,5,0.5,2,2.3681280217579217,0.4153942304232139,-0.06718349032774196,0.00488888888888889
0.25,0.6,0.1,5,0.5,2,2.3644768660502704,0.4142572858561928,-0.06718349032774196,0.005263616557734205
0.25,0.25,0.1,5,0.5,2,2.3617133979444382,0.413649030283906,-0.06718349032774196,0.00488888888888889
0.35,0.4,0.5,1,0.5,3,2.3615166023429253,0.3584546077524491,-0.061695726810446216,0.07613597279760899
0.35,0.4,0.3,1,0.5,3,2.3615166023429253,0.3584546077524491,-0.061695726810446216,0.07613597279760899
0.25,0.6,0.5,1,1.0,3,2.358958932205438,0.3600031392505423,-0.06215590246518066,0.10720801883984336
0.35,0.6,0.3,5,1.5,2,2.3452280254672373,0.377198034944606,-0.06718349032774196,0.03922090873515101
0.25,0.6,0.5,1,0.5,3,2.342154311587682,0.3530649544287199,-0.06215590246518066,0.10773007780687169
0.35,0.6,0.3,1,1.5,3,2.337306990429094,0.3522544897653106,-0.06098365900041669,0.11978490426908886
0.35,0.6,0.3,1,1.0,3,2.315392544319721,0.34601202140604603,-0.060896831978985655,0.11940301539051729
0.35,0.6,0.5,5,1.0,2,2.3152371974992048,0.3697303522858335,-0.06718349032774196,0.0442791829567649
0.35,0.6,0.5,1,1.5,3,2.2969208755132984,0.34340577064606403,-0.06182824879928084,0.12023645770066632
0.35,0.6,0.3,5,1.0,2,2.274566952655506,0.36199187502121144,-0.06718349032774196,0.04012208143222037
0.35,0.6,0.5,1,1.0,3,2.2669669368277328,0.3357617556517545,-0.061744311455596446,0.11963349853280106
0.35,0.6,0.3,1,0.5,3,2.264050481601622,0.33313036742574664,-0.060920323478800276,0.1192229170864551
0.35,0.6,0.5,1,0.5,3,2.218722821558125,0.32344504115180084,-0.06170380293351496,0.1195584084654325
0.25,0.25,0.1,1,1.0,2,1.9937001695608376,0.29800543060779305,-0.05781127570481137,0.004888888888888889
0.15,0.4,0.3,1,1.0,2,1.993313565284708,0.2979466022870181,-0.05781127570481115,0.004888888888888889
0.15,0.25,0.5,1,1.0,2,1.993313565284708,0.2979466022870181,-0.05781127570481115,0.004888888888888889
0.15,0.4,0.5,1,1.0,2,1.993313565284708,0.2979466022870181,-0.05781127570481115,0.004888888888888889
0.15,0.25,0.3,1,1.0,2,1.993313565284708,0.2979466022870181,-0.05781127570481115,0.004888888888888889
0.25,0.25,0.5,1,1.0,2,1.9933135652847072,0.29794660228701786,-0.05781127570481137,0.00488888888888889
0.25,0.25,0.3,1,1.0,2,1.9933135652847072,0.29794660228701786,-0.05781127570481137,0.00488888888888889
0.15,0.25,0.1,1,1.0,2,1.9930697996704598,0.2978780726303356,-0.05781127570481048,0.004888888888888889
0.15,0.4,0.1,1,1.0,2,1.9930697996704598,0.2978780726303356,-0.05781127570481048,0.004888888888888889
0.25,0.6,0.1,1,1.5,2,1.9840611471292808,0.29780398081353976,-0.05646358275817276,0.005452451327310826
0.15,0.4,0.1,1,1.5,2,1.981886051351195,0.2974320734751308,-0.05646358275817276,0.00488888888888889
0.15,0.25,0.1,1,1.5,2,1.981886051351195,0.2974320734751308,-0.05646358275817276,0.00488888888888889
0.25,0.25,0.1,1,1.5,2,1.9813788879372949,0.297186268070744,-0.05646358275817254,0.00488888888888889
0.15,0.6,0.1,1,1.5,2,1.9795138862123123,0.2918828517625145,-0.05679400200064144,0.018405745997543164
0.25,0.25,0.3,1,1.5,2,1.9771679739486676,0.29654929356578874,-0.05646358275817298,0.00488888888888889
0.25,0.25,0.5,1,1.5,2,1.9771679739486676,0.29654929356578874,-0.05646358275817298,0.00488888888888889
0.25,0.4,0.1,1,1.5,2,1.9754794631232422,0.28726236619388046,-0.056999218730299894,0.031220973240859866
0.15,0.4,0.5,1,1.5,2,1.971685139298226,0.29569342199908744,-0.056525323197675004,0.004888888888888889
0.15,0.4,0.3,1,1.5,2,1.971685139298226,0.29569342199908744,-0.056525323197675004,0.004888888888888889
0.15,0.25,0.5,1,1.5,2,1.971685139298226,0.29569342199908744,-0.056525323197675004,0.004888888888888889
0.15,0.25,0.3,1,1.5,2,1.971685139298226,0.29569342199908744,-0.056525323197675004,0.004888888888888889
0.35,0.6,0.1,1,1.5,2,1.966815226990395,0.2845807318396256,-0.059459955238622464,0.030687613823520445
0.35,0.25,0.1,1,1.5,2,1.9570466089960032,0.2754919190704965,-0.058506510143177426,0.04174292755680987
0.25,0.6,0.1,1,1.0,2,1.9548247241058252,0.28950399377464686,-0.06124594362905167,0.009265073253767025
0.15,0.6,0.3,1,1.0,2,1.9518862216177892,0.2865613376207936,-0.05709341343053409,0.018524126575574375
0.15,0.6,0.5,1,1.0,2,1.9518862216177892,0.2865613376207936,-0.05709341343053409,0.018524126575574375
0.15,0.6,0.1,1,1.0,2,1.9502009026384817,0.2862431028408141,-0.057099193637705326,0.018451610725770548
0.25,0.25,0.1,1,0.5,2,1.943180533125663,0.28695759842085833,-0.06330219746036814,0.004888888888888888
0.35,0.25,0.1,1,0.5,2,1.9425325194065162,0.27566023775823045,-0.06124685532961427,0.0445829418406617
0.15,0.6,0.3,1,1.5,2,1.9405263512862014,0.284053901044208,-0.05858111392690146,0.019098636717684494
0.15,0.6,0.5,1,1.5,2,1.9405263512862014,0.284053901044208,-0.05858111392690146,0.019098636717684494
0.15,0.6,0.1,1,0.5,2,1.9370572752924233,0.2841833773447209,-0.0631717214130687,0.019291545507511287
0.25,0.6,0.1,1,0.5,2,1.9335638144594842,0.2849582032755129,-0.0659052758797195,0.004666666666666667
0.25,0.25,0.3,1,0.5,2,1.9335634445657313,0.28509026182837416,-0.06568010127846713,0.00488888888888889
0.25,0.25,0.5,1,0.5,2,1.9335634445657313,0.28509026182837416,-0.06568010127846713,0.00488888888888889
0.15,0.6,0.3,1,0.5,2,1.932546880128097,0.28359435436462266,-0.06400470104408518,0.019299097133854484
0.15,0.6,0.5,1,0.5,2,1.932546880128097,0.28359435436462266,-0.06400470104408518,0.019299097133854484
0.15,0.4,0.1,1,0.5,2,1.9296442274400816,0.28430136852883114,-0.06667736287718307,0.00488888888888889
0.15,0.25,0.1,1,0.5,2,1.9296442274400816,0.28430136852883114,-0.06667736287718307,0.00488888888888889
0.35,0.6,0.1,1,0.5,2,1.9295382705366317,0.27967550317282774,-0.0621041177612619,0.0320528545772923
0.15,0.4,0.5,1,0.5,2,1.9287640258033014,0.28413579181996895,-0.06688211934422128,0.004888888888888889
0.15,0.25,0.3,1,0.5,2,1.9287640258033014,0.28413579181996895,-0.06688211934422128,0.004888888888888889
0.15,0.25,0.5,1,0.5,2,1.9287640258033014,0.28413579181996895,-0.06688211934422128,0.004888888888888889
0.15,0.4,0.3,1,0.5,2,1.9287640258033014,0.28413579181996895,-0.06688211934422128,0.004888888888888889
0.35,0.25,0.3,1,0.5,2,1.9279552246802159,0.27374376355424435,-0.059622102618222095,0.04562059930956544
0.35,0.25,0.5,1,0.5,2,1.927841250632254,0.2736941922039593,-0.059701048435552906,0.04562059930956544
0.25,0.4,0.1,1,0.5,2,1.925787531222632,0.28007164342397317,-0.059914983320944804,0.03267185242955062
0.25,0.4,0.1,1,1.0,2,1.9218253757038304,0.27835845348524435,-0.057105608463990265,0.031241671917304016
0.25,0.4,0.5,1,0.5,2,1.9201531549572626,0.28023947541024885,-0.06192365713991055,0.03326758789620572
0.25,0.4,0.3,1,0.5,2,1.9201531549572626,0.28023947541024885,-0.06192365713991055,0.03326758789620572
0.25,0.4,0.3,1,1.0,2,1.9176629081349068,0.27602133737054646,-0.05709341343053409,0.031630847691379575
0.25,0.4,0.5,1,1.0,2,1.9176629081349068,0.27602133737054646,-0.05709341343053409,0.031630847691379575
0.35,0.25,0.3,1,1.5,2,1.9096402827691044,0.26600189697504795,-0.060004707771330934,0.04369434341973592
0.35,0.25,0.1,1,1.0,2,1.9047232665844762,0.2671619836235335,-0.05720279464196054,0.04134204829271088
0.35,0.25,0.5,1,1.5,2,1.9045544506793675,0.26521638773557554,-0.06012485285890157,0.04369434341973592
0.35,0.6,0.1,1,1.0,2,1.8972803217348018,0.2727588756380741,-0.06014212780395667,0.030687359820391568
0.35,0.4,0.1,1,1.5,2,1.8946853765819418,0.25731036077202574,-0.06418571816306728,0.058634958516453464
0.35,0.25,0.3,1,1.0,2,1.893521597284857,0.26485782521813994,-0.057109382821431076,0.042657044443230964
0.25,0.4,0.5,1,1.5,2,1.8929065516903611,0.26999123657084323,-0.06051392843442149,0.032838847877857055
0.25,0.4,0.3,1,1.5,2,1.8929065516903611,0.26999123657084323,-0.06051392843442149,0.032838847877857055
0.35,0.25,0.5,1,1.0,2,1.8883513942615113,0.26406354761813366,-0.05722589631952102,0.042657044443230964
0.35,0.4,0.1,1,0.5,2,1.884244856521748,0.2595783280904498,-0.060639480533224654,0.06023781163900252
0.35,0.4,0.1,1,1.0,2,1.8489949961126655,0.25262369960844167,-0.061500060528880685,0.058267060974554245
0.25,0.6,0.3,1,0.5,2,1.8297750368466625,0.2556027639681222,-0.059620421914135524,0.09475752307522456
0.35,0.4,0.3,1,0.5,2,1.827052631003079,0.2545723712291028,-0.05963231781364453,0.0809694410998317
0.35,0.4,0.5,1,0.5,2,1.8264174413440966,0.25436927920273344,-0.05998465233344563,0.08105478744171957
0.25,0.6,0.5,1,0.5,2,1.8056472818283213,0.24900113795745238,-0.06106099736484116,0.09572850503558841
0.35,0.4,0.5,1,1.0,2,1.7662845572499728,0.22030976581900497,-0.05837712392172756,0.07837367835870875
0.35,0.4,0.3,1,1.0,2,1.761934006524157,0.2199037164790254,-0.058295903745308575,0.07818909544698105
0.35,0.4,0.3,1,1.5,2,1.7184660769693803,0.20877403052668697,-0.0643209406402766,0.07967849917177607
0.35,0.4,0.5,1,1.5,2,1.7170202523457971,0.20832931615272043,-0.06472374156106664,0.07991009405637951
0.35,0.6,0.3,1,0.5,2,1.696960630995457,0.2103519074892306,-0.06401686222072533,0.14171889313937042
0.25,0.6,0.5,1,1.0,2,1.6482769599423823,0.19562171145221208,-0.05896032656126038,0.09341415892352291
0.25,0.6,0.3,1,1.0,2,1.6454980726174313,0.1950842665542427,-0.05896032656126038,0.091810176779988
0.35,0.6,0.5,1,0.5,2,1.6385666913983177,0.2023149794747261,-0.0658355168441368,0.15144618092900444
0.25,0.6,0.3,1,1.5,2,1.618685498103217,0.18841202885613284,-0.06509524692399504,0.09337701560207005
0.25,0.6,0.5,1,1.5,2,1.5978146689824022,0.18583652606341206,-0.06601875923270195,0.09519294798502104
0.35,0.6,0.3,1,1.5,2,1.4848908941738883,0.1618605555326471,-0.0682884051040007,0.14097979729716184
0.35,0.6,0.3,1,1.0,2,1.4770958143817245,0.16275070960563953,-0.06433017111007655,0.14085306161573732
0.35,0.6,0.5,1,1.0,2,1.434953950569051,0.15008681637177834,-0.06397875006170739,0.15016574495727258
0.35,0.6,0.5,1,1.5,2,1.4186294919681903,0.14768002685819992,-0.06933892878713432,0.15084789481937716
0.35,0.6,0.3,1,0.5,1,1.3816375630647593,0.15444864869947272,-0.0687904207522333,0.1397879781257531
0.35,0.6,0.5,1,0.5,1,1.3731482464668174,0.1515351568021257,-0.06945483232292349,0.14994172001111947
0.25,0.6,0.3,1,0.5,1,1.3090905887266062,0.15471575598269882,-0.06481660712267334,0.09242418974189123
0.35,0.4,0.3,1,0.5,1,1.3051831010257995,0.15242892224859683,-0.06237747848483133,0.07895986995588421
0.35,0.4,0.5,1,0.5,1,1.3030127770856956,0.15215295122880712,-0.06283344761400389,0.0791900705251203
0.25,0.6,0.5,1,0.5,1,1.2912859892226853,0.1490146939137018,-0.06524162619707985,0.09396121787125249
0.35,0.4,0.1,1,1.5,1,1.2301080041487362,0.12252831759298899,-0.05877484609704331,0.05682266537224543
0.35,0.4,0.1,1,0.5,1,1.218770851356003,0.14922184780070324,-0.06439684457518713,0.05858964111436973
0.35,0.25,0.5,1,0.5,1,1.1776613359200736,0.1436144733165423,-0.05873055039865871,0.043453119634768694
0.35,0.25,0.3,1,0.5,1,1.1774996059867333,0.14359318897012208,-0.058757435750557696,0.04342059930956544
0.35,0.25,0.1,1,0.5,1,1.1744348696595657,0.14388944120914826,-0.06055771562662937,0.04279898409566056
0.35,0.6,0.1,1,1.5,1,1.1484710198754766,0.10995316125757726,-0.048936277551635876,0.02926197226806508
0.35,0.6,0.1,1,0.5,1,1.1410038970841352,0.14082669317969643,-0.055787624110446576,0.03089890286195153
0.35,0.25,0.1,1,1.5,1,1.1376103990908732,0.10947926271031161,-0.0533280069102009,0.04007591073695118
0.35,0.25,0.5,1,1.5,1,1.1179637400024913,0.10657918677082168,-0.05531645857501177,0.04152686374493917
0.35,0.25,0.3,1,1.5,1,1.117954774946087,0.10657939013619999,-0.055322379634345054,0.041494343419735916
0.25,0.4,0.3,1,1.5,1,1.1074300771859134,0.1043892665848769,-0.0524300081034581,0.03050551454452372
0.25,0.4,0.5,1,1.5,1,1.107288141849648,0.10436962703789532,-0.052391094082060774,0.030838847877857054
0.25,0.4,0.1,1,0.5,1,1.1066100860015096,0.13640118484823582,-0.05710853526521664,0.030605185762883954
0.25,0.4,0.1,1,1.5,1,1.105873926852136,0.105534201222522,-0.05286724347765892,0.0291543065741932
0.35,0.6,0.3,1,1.5,1,1.1039361155580423,0.10684031226941992,-0.06766426213483112,0.1390050375509839
0.25,0.4,0.3,1,0.5,1,1.1034085637318816,0.13579334465546444,-0.05691789537105474,0.03093425456287239
0.25,0.4,0.5,1,0.5,1,1.1021280593560248,0.13559882147996194,-0.057156297685957314,0.03126758789620572
0.15,0.6,0.3,1,1.5,1,1.100939934526715,0.10479458130673058,-0.05021982177635431,0.016631970051017825
0.15,0.6,0.5,1,1.5,1,1.1006676247699414,0.10475850120774122,-0.050154751683467835,0.017203398622446395
0.25,0.6,0.1,1,1.5,1,1.0997355147586305,0.10720515892998339,-0.04809988257250786,0.003496167117260682
0.25,0.25,0.3,1,1.5,1,1.0935300041960392,0.10650238304222315,-0.04809988257250697,0.0025555555555555553
0.25,0.25,0.5,1,1.5,1,1.093476566715696,0.10649331307825283,-0.04809988257250675,0.002746031746031746
0.15,0.6,0.1,1,1.5,1,1.093451139441712,0.10441444344944228,-0.0505324548377748,0.0159390793308765
0.15,0.4,0.1,1,1.5,1,1.0900002757230272,0.10618965289020821,-0.04809988257250808,0.0024354235423542352
0.15,0.25,0.1,1,1.5,1,1.0899853456232638,0.10618694278638663,-0.048099882572507746,0.002495092729361563
0.15,0.4,0.3,1,1.5,1,1.0880234201610142,0.10563304026154818,-0.048099882572507524,0.002422222222222222
0.15,0.25,0.3,1,1.5,1,1.0880234201610142,0.10563304026154818,-0.048099882572507524,0.002422222222222222
0.15,0.25,0.5,1,1.5,1,1.0879158826005837,0.10561952273175534,-0.04809988257250697,0.002612698412698413
0.15,0.4,0.5,1,1.5,1,1.0878354301845778,0.1056094039353872,-0.04809988257250708,0.0027555555555555554
0.35,0.4,0.3,1,1.5,1,1.0828858654379945,0.10242433514538751,-0.05989246797131065,0.0776430277285938
0.35,0.4,0.5,1,1.5,1,1.0825928479474394,0.10231095469666407,-0.06029672929738794,0.07797169190324607
0.25,0.25,0.1,1,1.5,1,1.0734443482891174,0.1049095137767515,-0.04942110566339031,0.002879026955950032
0.25,0.6,0.3,1,1.5,1,1.0425663099307276,0.09878994039226785,-0.061770426085042796,0.09104368226873673
0.15,0.6,0.3,1,0.5,1,1.0324139105620307,0.12921248334563407,-0.05930844255614609,0.01683243046718782
0.15,0.6,0.1,1,0.5,1,1.0307912913566886,0.129049487117588,-0.05930844255448564,0.016824878840844618
0.15,0.6,0.5,1,0.5,1,1.0304164906833155,0.12890009113964318,-0.05930844255614609,0.017403859038616392
0.25,0.25,0.1,1,0.5,1,1.0084869899404378,0.12859514128804195,-0.07017172370434754,0.002879026955950033
0.25,0.6,0.1,1,0.5,1,1.0074266230663855,0.12824129941030282,-0.07017172370434743,0.002710382456616523
0.25,0.25,0.3,1,0.5,1,1.001249642494158,0.12764206985255777,-0.07017172370434721,0.0025555555555555557
0.25,0.25,0.5,1,0.5,1,1.0005500959532088,0.12753318787163304,-0.07017172370434721,0.002746031746031746
0.35,0.4,0.1,1,1.0,1,0.9942255246011884,0.09340549223967587,-0.0601084574711076,0.05645476783034621
0.15,0.25,0.1,1,0.5,1,0.9816362007096429,0.1250513692658659,-0.0701717237043471,0.0024950927293615624
0.15,0.25,0.3,1,0.5,1,0.9815228096163973,0.12503100253790134,-0.07017172370434832,0.002422222222222222
0.15,0.4,0.3,1,0.5,1,0.9815228096163973,0.12503100253790134,-0.07017172370434832,0.002422222222222222
0.15,0.4,0.1,1,0.5,1,0.9813426657833603,0.12501079505888546,-0.07017172370434743,0.0024354235423542352
0.15,0.25,0.5,1,0.5,1,0.9808479971861944,0.12492515031133533,-0.07017172370434765,0.002612698412698413
0.15,0.4,0.5,1,0.5,1,0.9803674347821381,0.12484884552587938,-0.07017172370434921,0.0027555555555555554
0.25,0.6,0.5,1,1.5,1,0.9802661740983768,0.09161507302301719,-0.06208750740529778,0.09332475230869564
0.35,0.6,0.5,1,1.5,1,0.978994081133047,0.09251400504137686,-0.0676326472174631,0.14921045238069616
0.35,0.25,0.1,1,1.0,1,0.9265423338834682,0.08511673441054524,-0.056976176577726134,0.039675031472852194
0.35,0.25,0.5,1,1.0,1,0.9109418302483149,0.0833256533396316,-0.05847694475763732,0.04048956476843422
0.35,0.25,0.3,1,1.0,1,0.9109407670942711,0.08332633611540263,-0.058482145380039596,0.04045704444323096
0.35,0.6,0.1,1,1.0,1,0.9006249509550647,0.08132619678787445,-0.05528861788673767,0.029261718264936207
0.35,0.6,0.3,1,1.0,1,0.8861643158218866,0.08311385317705589,-0.06795482514709672,0.13887815231972822
0.25,0.4,0.1,1,1.0,1,0.8767049599129672,0.07927199458541323,-0.05925953947958096,0.029175005250637355
0.25,0.4,0.5,1,1.0,1,0.8603394927758424,0.07729779797935632,-0.05937830598149674,0.029630847691379577
0.25,0.4,0.3,1,1.0,1,0.8603008543835146,0.0773024564818936,-0.059434567603468214,0.029297514358046242
0.15,0.6,0.1,1,1.0,1,0.8419457712123958,0.07556322652892256,-0.060165122359814416,0.015984944059103882
0.35,0.6,0.5,1,1.0,1,0.8405274443536537,0.07865603726354475,-0.0687869891553371,0.14852638034409948
0.15,0.6,0.5,1,1.0,1,0.8393245986758174,0.07521333161400001,-0.060065245720239746,0.016628888480336283
0.15,0.6,0.3,1,1.0,1,0.8392252814324277,0.07521862958028347,-0.060165122359814416,0.01605745990890771
0.35,0.4,0.3,1,1.0,1,0.8376468066729915,0.07687054892805323,-0.061243655012013565,0.07615405203598825
0.35,0.4,0.5,1,1.0,1,0.8356306879231215,0.07666985039057939,-0.06171225094553512,0.0764343774266214
0.25,0.25,0.5,1,1.0,1,0.8294748209533579,0.0748685628927801,-0.05940244471741496,0.002746031746031746
0.25,0.25,0.3,1,1.0,1,0.8294555115218849,0.0748712351259242,-0.059434567603468214,0.0025555555555555557
0.25,0.25,0.1,1,1.0,1,0.8244895190343174,0.0742404702291688,-0.05937997363854686,0.002879026955950033
0.15,0.25,0.1,1,1.0,1,0.8175284209968272,0.07386237630973391,-0.0601524233194517,0.002495092729361563
0.15,0.4,0.1,1,1.0,1,0.8175190201348349,0.07386294732979559,-0.06016282260772199,0.0024354235423542352
0.25,0.6,0.3,1,1.0,1,0.8131455558676803,0.07493397654855638,-0.06331938451487051,0.08947684344665466
0.15,0.4,0.5,1,1.0,1,0.8112511555271475,0.07318932716810123,-0.06010694264102523,0.0027555555555555554
0.15,0.25,0.5,1,1.0,1,0.8112284759386309,0.07319065332242047,-0.060131905008869,0.002612698412698413
0.15,0.25,0.3,1,1.0,1,0.8111986932417202,0.07319246218857556,-0.060165122359814416,0.002422222222222222
0.15,0.4,0.3,1,1.0,1,0.8111986932417202,0.07319246218857556,-0.060165122359814416,0.002422222222222222
0.25,0.6,0.1,1,1.0,1,0.8012494614547774,0.07093860694629273,-0.06282035429911359,0.007308789043716884
0.25,0.6,0.5,1,1.0,1,0.775583316209667,0.07097403874917929,-0.06401073396816681,0.09154470735703778
