ret_1_L1_z120,range_hl_L1_z120,macd_signal_L1_z120,y_ret_k
-0.3143082092403802,0.1277067743187716,-1.8101532066291488,0.0016799115861489
-0.6669146590381915,0.126115425341331,-1.717241515277514,-0.0006832436774923
2.403481836770979,0.1205046525269178,-1.6373810574467946,-0.0009945300450172
0.4971244517284784,0.1207566201523263,-1.5677755486070055,0.0
-0.1779293020518323,-0.9919308138850582,-1.506401374725396,0.0
0.162154271949612,-0.4751091824577011,-1.4517531482212718,0.0266858645571286
-0.0112758696255627,0.1574760438426677,-1.4026847009629082,0.0118388410300904
2.692775168555144,1.7227071128463929,-1.3450645477834795,0.0094009569177118
1.4632587338384286,1.2791442511077935,-1.062089563677679,-0.0093525188343878
0.5132184105343492,0.3218168798276968,-0.7302013449166709,-0.0043509345983036
-0.4089761969854477,-1.497624637991842,-0.3911483817593056,-0.0110790732109187
-0.7129085513835055,-0.7753409814348934,-0.0822412059357144,-0.0050907990300893
-1.0154069199350904,0.2277052467722611,0.1623834693475522,0.0230135152803174
-0.3837080246278302,-0.3739502292293822,0.3412618950305906,0.0014152897396675
2.2338762554807547,1.2268971387687122,0.536373812060149,-0.0026024099560405
0.5041091474302902,1.0270435015171513,0.7448877428460055,0.0257094287837078
-0.2576077845600952,1.270446638438648,0.9387516041379964,-0.0188999588236404
2.098465219667186,1.0258447049601689,1.1744992499396232,0.0376754680466888
-1.4089188475140797,0.5131884458640178,1.368821979352408,-0.011919417192715
2.74116757149521,2.9090841581042306,1.6091055949979347,0.0015893338633297
-0.6736530541979077,-0.047612619046618,1.825808076203245,-0.0008217438342145
-0.0035624137305087,0.7962674863736181,2.001185937078599,0.0223716840516332
0.1316022564845564,0.3156322977957612,2.1324026615568865,-3.113896708339947e-05
1.7192411334232538,0.7667894840399098,2.267258073541379,-0.0047425206676424
-0.0336063127050702,0.4202845226589881,2.3783127034138087,0.0097803735313573
-0.2973862743555728,-0.4083402006182073,2.4464974145503384,-0.0124411944740998
0.5041938546542372,0.2911947820348178,2.4873060578729795,-0.0079561642218414
-0.8332354456294628,0.2992310495064602,2.4793123323283983,0.0117381813195602
-0.8303333611152729,0.5135598047978788,2.41846145283868,-0.0046128788207383
0.8045016681452151,0.4053320124099832,2.344593261899821,-0.0098766489710124
-0.0237895071364499,-0.2511009407371246,2.2614815376239665,0.0207519337974264
-1.1078779973000046,-0.4824749517718202,2.14945652752155,-0.0187112209161115
1.4894652219464752,0.520689064672444,2.0541943436538044,-0.0180909735101147
-1.4862859904576755,1.6515415506006197,1.938060946460417,0.0111308291398268
-1.3488157434613686,1.7045638190331136,1.7851287210511664,0.0059226180882787
0.6951412983047404,0.8048632841353639,1.6297590234925288,-0.0098278143208322
0.6827539587903911,-0.2574994231560679,1.49170669421892,-0.0136500911956825
-0.6857433748773326,0.3830231919451147,1.354460681390811,0.0194253862030557
-1.2251466690053945,1.4566603827935165,1.1974962311732715,0.0153753483077345
1.6576586452021684,1.3368865631584033,1.067283595295222,-0.012356136191481
1.0674128203378792,0.4455827977721403,0.9799614616476764,0.006809307117463
-0.8127740984351359,-0.0264754029373392,0.9047790395361482,-0.0067766379881322
0.530228051633146,-0.0869020575189495,0.850122481947046,0.0122364698633588
-0.6842485133982141,0.9248120406174376,0.7951777961867246,0.0091929411316995
1.0741982960078702,0.4872705590856017,0.7635050683249207,-0.0051211670115125
0.5167393612894023,-1.1544058252328728,0.757358171766675,0.0039441222570621
-0.1589079270721438,-0.6511479328739206,0.7626989603651683,-0.010419372517001
-0.023352049418868,-0.4945777682749825,0.7729524548723457,0.0010901511149854
-0.8337672657115309,-1.102326921666986,0.7667792335240229,-0.007354317162955
0.2607109298213629,-0.7022023439069309,0.7544831977815997,0.0149927241677756
-0.4287976759369348,0.0844045788068142,0.7286261096182259,-0.0042089218108364
0.955001318266611,-0.7726901396083606,0.7138600717855643,-0.0012310781027892
-0.1599290391321987,0.4238948045930432,0.702106486709966,0.0011681708925499
-0.4355152575723374,0.2894448507445856,0.6824496159032045,3.0824719382760435e-05
0.1233506922161685,-0.585485138504862,0.6600526538862962,0.0059513926560288
0.2625531022623685,-1.092485089914271,0.6412226586938274,0.0043136181249163
0.4003814430485174,-1.1689890613515868,0.6326532586726297,-0.0038083679190257
0.5358902621058945,-1.760998173155056,0.6409067951329376,0.0002562216130579
-0.4503327554586009,0.2089294129023242,0.6487221483707118,-0.0024475008653526
-0.1673940385239425,-0.4434618346910279,0.6511545755933333,-0.0114600571227185
-0.0245156590512678,-1.5319603072005554,0.6483255471159325,-0.0021888042050667
-1.3000611630513352,-0.9661549611876468,0.6140791942806556,-0.0051104970751383
-0.3002118596203272,-0.9070802040188825,0.5544502989024589,-0.0024781745013693
-0.1539778962616327,-1.3765010106037934,0.4775962581678968,0.0091352341742101
-0.1534546053728457,-1.4878381067932014,0.3896500618176831,-0.0030315719275154
0.4370175760670307,0.0030242509651935,0.3072158160296122,-0.0006574737712653
-0.3044122950474625,-0.6339639418748753,0.2255842700462443,-0.0022942521041059
-0.1553225659483836,-1.1268390900097924,0.1449546733040534,-0.0050034524686825
0.1442358889688528,-1.551285640507629,0.0716857364230364,-0.0015791683084142
-0.6056499173168192,-1.3740024850604395,-0.0057215443288775,-0.0102741610367613
-0.1524809943353707,-0.1559346670301022,-0.0849114056191546,0.0223148956691994
-0.9104243971246636,0.8372208394865357,-0.1795662562358461,0.0018577773721488
1.9744498398610304,0.7161749397570177,-0.2382879866513606,-0.0062334397562813
0.4365234496369384,-1.435702325425194,-0.2615075687865449,-0.0009600236702055
-0.754232410408755,-0.8234013551752842,-0.2763318224033311,-0.0094934142811619
-0.1566573994400126,-0.922397051330712,-0.2876951646806305,-0.0041766509263464
-0.7581795990669616,-0.8998974510779826,-0.3114876937722891,0.0026601286037359
-0.3035019180113129,-1.5924289938284355,-0.3475194879189354,0.0139029948346829
0.3110719536390762,-0.6750505305373553,-0.3822160099666171,0.0055246526624939
1.2230450476417676,0.6505256116966628,-0.3878601719654878,0.011907744640768
0.1423148105710382,-0.7378426028988909,-0.3709128271533991,-0.0020740731250206
1.1967111720292696,-0.6137530220753811,-0.3141283566636187,-0.0043191196934025
-0.318165346826476,-0.7860179105801433,-0.2404226775572987,-0.0005360573571587
-0.3191664891242495,2.232137745946782,-0.1669405597741942,-0.005419038935104
-0.0115517903358244,-0.6416316854557941,-0.0972156050761362,-0.0201696200010316
-0.6113905119922748,-0.414683840980844,-0.0463026434286896,-0.0136466660076803
-1.800409663457809,1.0166374307102308,-0.0485210135228266,-0.0078399388530041
-1.351950920797393,-0.7749205723627773,-0.1125543335434477,0.009847047462332
-0.5883528546447009,-0.478435844672543,-0.2238960261749173,0.0035451341526868
0.962464071626789,-1.1308479980370725,-0.338256012122055,-0.0001486608779404
0.6328730485733514,0.9649411275487948,-0.4342197113311818,0.0033501191111002
-0.1325291147275152,0.8007580236621658,-0.515194620777556,0.003035125083036
0.3136282622206121,0.064190267687588,-0.574727865866272,0.0040343821517094
-0.001187222627827,-0.6362800410110875,-0.6162207742765524,0.0101619730906965
0.7770506680660625,-1.3645527468212806,-0.6268982885099879,-0.0014347988917952
0.4551189671353912,-0.211336804558986,-0.6069853108974869,-0.0105458899706561
-0.0169357339902708,-0.5434968117332668,-0.5679865304486429,0.0052519122057304
-0.9388420496245596,0.0878162253198018,-0.537100005636763,-0.0031192883120717
0.455655116237379,-0.7923543800204752,-0.5024683548494909,0.0010708979036253
-0.3332182072388375,-1.3666037663736508,-0.4728991820052676,-1.9967212918303723e-05
0.4556919313084653,0.3624180204624668,-0.4377388003587026,0.0058038116013761
-0.0320233428188309,0.0044114149013552,-0.400576798554134,0.0015232618448204
-0.0252361393674202,-1.623387067705844,-0.3636672368893892,-0.0054701110245838
0.2898044725719247,-0.7349610238965142,-0.3221271307620413,0.0081878713486445
-0.5047656299179143,-0.9319683511937892,-0.2892710416698516,-0.0018845411971816
0.7687017952826407,-0.1088480756215862,-0.2472679860148012,-0.0064371751922281
-0.3507375137997701,-1.120750392157982,-0.2081600028170207,0.0071908724133973
-0.5027733167850865,-1.2774995227025283,-0.1825996644844849,0.0009581971064434
0.4488679849975637,-1.5598427718062036,-0.1572327102682284,0.0071254883108882
0.5993713750793714,-0.372727962976324,-0.1203956077935962,0.0205958476144323
0.2710003111298131,-0.6200089387345212,-0.0720637331309499,0.0188870952112842
1.805935077245712,1.8637670248463545,0.0201389069803163,-0.0006749684733876
2.16535223991466,3.020117175915417,0.1842979241724402,0.0248114631740965
-0.2486131075066507,1.9085073903632952,0.3808149156619932,-0.0166621288887457
2.082018448389221,2.434442187786712,0.636321509618764,-0.01172429850939
-1.3809277163883096,2.386345861053202,0.8828894919592394,0.0113589986014648
-1.5155055366997778,2.066898847492744,1.0738023282805038,-0.0136237649867094
0.908579175952095,-0.20614945721257,1.2398753305022363,-2.5684137001880103e-05
-1.571249362104904,1.1211721535181671,1.3443274065207005,0.0185551064487559
0.1963375062465418,-0.2572050593470424,1.4081187390831955,0.0120739354396552
1.651077030833154,1.6009950191017597,1.4795703225413936,0.0115115799409624
1.02161622569666,4.983862815552004,1.5754932939626076,0.0501557022296799
1.030557969842745,3.082742075096161,1.7046939687125702,-0.0210583656477868
3.361521688572453,4.32336731137406,1.9503866582209608,-0.0349450824095828
-1.5603371630242833,2.794261614848592,2.205254736639502,-0.0034460222295766
-2.7985675730771336,3.37505326711296,2.349281374064684,-0.0101872287701418
-0.5056309331139749,0.831156131080709,2.399048341045442,0.0140829466569276
-0.761907116318608,0.4985231477943004,2.3642372285245106,-0.0030828916556854
0.8724137814003204,1.7361063333203763,2.290773968755789,-0.0081265584783142
-0.3478826147173158,0.618077131159868,2.181076140817905,0.0078152264845432
-0.885931961799125,0.4046529659104866,2.0266873307415763,-0.021203057278094
0.8665867368533138,0.4349309437084967,1.8717850272559693,-0.0023988133169819
-1.950582996767834,0.8352395208411411,1.6704683300199543,-0.0117017253400298
-0.0846223558488115,0.0156861066566611,1.4464701716116557,-0.0241520202174404
-1.3000392969990373,0.420403935947897,1.1832770084004145,0.0023373665556161
-2.2283719785737297,1.0888564899940545,0.8480824085522194,0.0037569788861708
0.2424722689234833,-0.0331124480432099,0.4883322996064025,0.0099289150051755
0.1193618791508602,-0.0950517896609362,0.1327836454810768,-0.002081665013575
1.2396613776699932,0.4988655396063476,-0.1703493812740711,-0.0026878847539322
-0.6017034064849409,0.8958048398108531,-0.4383178499467575,-0.011538279811991
-0.3158483599462761,-0.3210478780598626,-0.675611953316407,0.0121357029541664
-1.0421275800804644,-0.0569656790229402,-0.9036309201368858,0.0098263709792907
1.0166906834375038,-0.4276221947711898,-1.0855800661161172,-0.0090248113021992
0.8785813685736877,-0.3956571073330447,-1.2050165614464146,0.014589982701767
-0.4478672669462568,1.1052805051199162,-1.2874764586974885,0.014650855400107
1.1538256420418385,-0.5518242037221104,-1.312712520996252,-0.0002889203432808
1.551507292833931,0.3744394512140697,-1.2616552565017272,-0.0207761101590121
-0.1756698479299757,-0.8499827047547893,-1.1681148464829914,0.0037126963467724
-1.8492910849273625,-0.2208073690232584,-1.0964578818809216,-0.0045380446600326
0.4083922945104534,-0.3696467155999277,-1.0298078131346569,0.0042253743352824
-0.8689280676631206,0.0591782243536082,-0.9891455724545306,-0.0032268167331005
0.6906120770313249,-0.2673812474435741,-0.9473601878166984,-0.0099176624647358
-0.3041445238261426,-0.0695320925627909,-0.9126174603273128,-0.0132845043063036
-1.3284372689456496,-0.4907272839231957,-0.914809911783999,0.0020086321870775
-0.7682168527709525,-0.1252394274452624,-0.9562925827869596,-0.0182484794516106
-0.3158035592055181,-0.0580596826409069,-1.0252381317202253,0.004494184039868
-1.638753211904133,1.0926578255584067,-1.1446775996735812,0.0012123346081609
0.4519488043293429,-0.1832365615207493,-1.274105771581354,-0.0017486804185609
0.2864017969208634,-0.2049471193141683,-1.3906411427530787,0.0096485261925636
-0.4629305793203719,-0.6501881465902154,-1.4984748011918334,0.0087563134423211
0.9360198954372724,0.049666693351622,-1.5685847121490255,-0.0071898568825909
1.2138350013208463,-0.2407591919276879,-1.5793780681699567,-0.002393066405092
-0.611593685309378,-0.036672976471712,-1.5636113597770342,-0.0059227349775828
-0.4661426640447519,-0.5944831121775571,-1.5390054815902114,0.0004909222130904
-0.6095113262591272,-0.0916763802775346,-1.519960324687492,-0.0002683640984471
0.1673069416194947,-0.5748628808106411,-1.4977945480174346,0.0080027305539018
0.010450570829715,-0.9388793937413006,-1.4709518182011343,-0.0019956595278731
0.9313429199268034,-0.238911801718255,-1.4190328699026318,0.0226640991002582
-0.4621497484337326,-0.5318086873038926,-1.3612405265484746,0.0054984100397998
2.2496914228783367,0.1985862795792628,-1.250496378969455,-0.0040943794469295
0.563932509425287,-0.1896465672104449,-1.097695746281062,-0.0032044568441921
-0.3093168959763688,0.0323489669390515,-0.9314582484086456,0.0045331267855388
-0.4550982712489099,-0.8823777080131671,-0.7734968770202405,-0.0004027758214724
0.2779323940241318,-0.44443652273067,-0.6206767483042627,0.0029035599525661
0.1291672839225835,-0.4435239951348112,-0.4744418866622609,0.0063361734459825
0.2766044126451772,-0.5236930726850574,-0.3323681919947138,0.0209903825021637
0.1311285741144278,0.0167427880314853,-0.1963246001707909,-0.0002451257585095
1.998405770866171,0.361083728021134,-0.0242693275027347,0.0113458033850777
0.2495500614779237,0.114919291154973,0.1677632589506769,0.0216007858837807
1.0805897776003752,-0.0359795574764542,0.3878898677023767,0.0175506075497522
1.7244611756582022,1.5776639587646957,0.6550562999961096,-0.003943533155026
1.2659133847069188,0.381367800034763,0.9658036778914934,-0.0173990418760049
-0.0832415755414913,-0.2309593477890996,1.279011926153094,0.0140651117624752
-1.645720204046657,0.7372102011223457,1.527763338261943,0.0011005456239843
0.9845169603233004,0.2638066835739731,1.7389954953908355,-0.0078921899022073
0.1843834449860338,-0.3780660735044904,1.9112103374326133,0.0025190043305332
-0.8596045684204222,-0.4240095169236867,2.0213537741167973,-0.0002685053983447
-0.0756601380832972,-0.0296668644763843,2.079191531186407,-0.0152384332677747
0.3182401854230449,-0.5309717885729799,2.1032371004172425,-0.0296623062354275
-1.7564299742663227,-0.1070258534702676,2.0609110499851884,-0.0178815589733418
-2.4959890978582457,1.9893749327121688,1.922545529394799,0.0068944613333894
-1.7470061379806268,1.0035111944397743,1.6944514647169555,-0.0046938218395166
0.9164809871765264,-0.2277523307295307,1.4408447291199014,-0.0043857626285594
-0.4267474624037797,-0.758754586603509,1.172797975500922,-0.0052310459646344
-0.5649561778082965,-0.6076508390244386,0.8949812968745473,-0.0187340088536961
-0.4302802881915558,-0.0362379472958582,0.6138957512480577,0.0113055807265547
-1.5030670506771069,0.8957909059513369,0.3116214505352027,-0.0022046501013429
0.6611829142203685,-0.7401696425989306,0.0241899549163047,0.0001881947801387
0.1122466463800368,0.0932964439454466,-0.2368712784865503,0.006142923549389
-0.4210360219061836,-0.6855677608651157,-0.4757328731232733,0.018658497234977
0.8042208426075554,0.0664995499409898,-0.669522494232442,-0.0161944535832364
1.33313519386822,1.6265728983075278,-0.79436175088067,-0.0025880132685446
-1.0724240490593149,0.90368229452909,-0.890051699407377,-0.0072800201307668
-0.5463602060186973,-0.5961942936025617,-0.9713029630794016,0.0007582508468682
-0.6777277868997478,0.0356421230149138,-1.050425814999603,0.0184607968845194
0.3949839353267046,-1.202150797695487,-1.1126330198940582,-0.0142569527565258
1.3197868690515695,-0.4476167745558785,-1.1309585917336709,0.009071067776802
-0.9783973775031654,-0.1926581486962158,-1.138693114081679,-0.0082119158902823
0.6267513886892531,-0.9166911930225302,-1.1240459790289934,-0.0025398644305484
-0.7104889251602456,-0.3605697808568391,-1.108280856771526,0.0024540531650933
-0.5708859809599169,-1.1548115189783503,-1.1015141632119263,0.0060109501222336
0.5107279527614134,-0.8374623771295051,-1.087806543140749,-0.0049316441888889
0.2365428225749694,-1.4044087717605025,-1.0631974101720647,0.0127002496485069
-0.1681364443086348,-1.387031331754469,-1.0339983761852525,0.0004629884498892
0.7765451020584113,-0.6484898157414634,-0.9854055043643796,-0.0080845331417868
0.1022094906030587,-0.3838435897138349,-0.92284425234182,0.0076133177748902
-0.6931919544529027,-0.299854039782898,-0.8666738726833816,0.0011721189468256
0.7676130371692472,-0.4639440275727617,-0.7999442763066542,-0.0043546089622573
-0.0362663189612959,-1.0236076567223291,-0.7289277682915474,0.0131035421774672
-0.4352207373557651,-0.3031363980545569,-0.666027848779223,-0.0049659272358252
1.0269859101650225,0.177026256289333,-0.5889876618293166,-0.0015365167962696
-0.301777195703149,-0.6468863540407646,-0.5118557589543524,0.0011774086753373
-0.1693328188054659,-0.9325567021070384,-0.4408654486855715,-0.0076632715597957
-0.2973215390991499,-0.5444845165432369,-0.3823882145907019,-0.0113484093990838
-0.4310322615242072,-0.3275439494017051,-0.3426472082647311,-0.0019748028070024
-0.9509038237676958,-0.8576574085332836,-0.3352585410942746,0.0033413865764944
-0.2884259040353633,0.9182860373674612,-0.3534796698753668,0.0184027387792928
0.1112504193581357,-1.172582569849565,-0.3836110909632248,-0.004471695880906
1.569202934229737,0.0824386055309899,-0.3866421791625501,-0.0096216928047765
-0.5487940800285752,-1.2471218765015486,-0.3829130083862769,0.003656840896727
-0.4144720866780408,-0.8170579583790742,-0.382684316454333,-0.0069025192430409
0.2598357718508698,-1.4479417862308763,-0.3783602836576729,-0.0300781637023815
-0.5288125328924499,-0.5233955889724445,-0.3813035578164734,0.0012963363531821
-2.5375194631163467,1.76401495518489,-0.4439421927017783,-0.0036991170262489
0.4652975919687139,0.5546600156734351,-0.5304186763622717,-0.002618222995292
-0.5151501237728948,-0.8316556781662565,-0.6360670753171617,0.0167439887879843
-0.108551522060911,-1.3626962493644676,-0.7487824589257472,0.0062915108840819
1.5727582552358317,-0.4760673685790461,-0.828141232647123,0.002883326107933
0.4295993790682789,-0.0285612862890963,-0.8722877443703198,-0.0299321268365951
0.4261917656547384,-1.1009641727157762,-0.8818063558307649,0.0032967439581681
-2.523249007336816,0.7165145409394577,-0.9180410728451708,0.0063928869404099
0.3328550290523445,-0.971052222308089,-0.9610702318995028,0.0154235437015695
0.6171534002392047,-0.2252889468460971,-0.9927512750879725,-0.008186231370759
1.2402390426511445,-0.5945673226386432,-0.9919386711948346,0.0096811356782322
-0.6482722730159685,-1.191163025589554,-0.9827247655226456,-0.0068390727233924
0.793096420395084,0.0390717863556445,-0.9523237937630336,-0.0019569975273354
-0.39976694349113,-1.580527818549432,-0.9156494278518236,0.005128041509536
-0.1084806574559984,-1.333764916865232,-0.8766574070885128,-0.0050143199161537
0.4958244546427776,-0.0224402767728105,-0.8263059984121949,-0.0026965196146458
-0.6962693930006078,0.6966251887688398,-0.7832458682927221,0.0005433812180779
0.0424259093043647,-0.5703099827561443,-0.7441141063031576,0.012750491216291
0.05089796020119,-1.39812940704451,-0.7067356142486189,-0.0028906000020235
1.2470230950700951,0.0585165659682844,-0.6433306973719258,-0.0108012969522643
-0.4237694198064832,-1.172304724217298,-0.5730555741356593,0.0041285412200622
-1.0362087079584072,0.2490480924902033,-0.5228539743236909,0.0121368351929793
0.7843288864305079,-0.4663259153368462,-0.4690131200390627,-0.0058403324811061
0.7724262775116503,-0.072292972102351,-0.3967850671338245,-0.0038708696162526
-0.3073921975481735,-1.3640920937076004,-0.3225007971547944,0.0067150679094913
-0.1423836050895887,-0.2188595509954258,-0.2533664963504306,-0.0112848827043692
0.3176626519611819,0.022060044892939,-0.1833889705219035,2.3258754920707503e-05
-0.7665611374893334,0.7447304283359665,-0.1334662408479442,-0.0102960886363308
-0.4667523112257654,-0.983981685806664,-0.1088130286255031,0.0061313512106808
-0.7710700112453039,-0.5065597473150392,-0.1180571217631712,-0.0016086378315601
0.5039294413879322,-1.0499473050686037,-0.1365609349998384,-0.0059776164808983
0.0201588781500514,0.2453957865975034,-0.1589942475209275,-0.0192727020500492
-0.6046776260123253,-0.898369964762099,-0.1954650142096165,-0.015964240056017
-1.5523053692614115,1.2453196598822638,-0.2719366404691225,0.0021435222922823
-1.550890569126264,1.0619938790969337,-0.4020085054306894,0.0069344966758047
0.0598897989009615,0.2480279917660087,-0.5560461322234057,0.0122249360258304
1.0587394141934288,0.043633166856131,-0.6927069102312001,-0.0001865724036375
0.8684395746945371,2.8337642272716264,-0.7906982702700688,-0.004778194003106
-0.1160927409410021,-0.4962242282530021,-0.8594890145958403,-0.0067055991755673
0.0459935357269104,-0.7653653614738443,-0.903060966705062,-0.0172338108245094
-1.113444461968809,0.2642647174726821,-0.949345460050332,0.0032267196295341
-1.1205662501281952,1.9711487666011984,-1.0150591013624095,-0.0022269905207253
0.212002535372983,0.6819820318210527,-1.0818599927782877,-0.0043015623635184
-0.3093598556599278,-0.8161051577264109,-1.148738092100508,0.0070057714263065
-0.4734382964288157,0.656420317934759,-1.2180831363583065,0.0022278467435532
0.724333811728957,0.1854600107526488,-1.2677035686546057,0.0001351166800007
0.2024023721681229,0.0392563373391692,-1.2953883874944252,-0.0039964968151078
0.039960288575921,-1.0513635962155912,-1.3040572274224471,0.0076182111623439
-0.2908848370408196,-0.3679476046018209,-1.3025882051996067,0.009217237049512
0.734373444255582,-0.1434199676777317,-1.2776691865478882,-0.0067333525494407
1.3906338951673418,0.376716490087896,-1.2099959460024954,-0.0057894353227874
-0.9763430449554114,0.4207155462199524,-1.1358045328682354,0.0111277727235497
-0.3045623838551458,-0.6474642285004437,-1.0646788832064942,-0.0082004262414338
0.707020602237896,-1.3014676334203372,-0.9831271887126024,0.013766292949523
-0.2986989861106117,0.8986589898098671,-0.902651923037638,-0.017582915987833
1.0413058807279991,2.133494745277849,-0.8048310116522267,0.0055505303442211
-1.4707394092346853,1.411344852301192,-0.727216225503086,-0.0058708820639313
0.4090857183395031,0.480104604959911,-0.6566016781051208,-0.0082935538520887
-0.6225709168106822,-0.905670442176846,-0.6041367512784709,-0.0082752353833015
-0.6248937088930547,-0.5055190184046036,-0.5759517725033398,0.0033728639263819
-0.4481753479414735,-0.2626945068732094,-0.5712394904527005,0.0151777223757911
0.2499570988223268,0.0401587608067863,-0.575291497544627,-0.0118759118959268
1.4529977418208893,0.1069627541809671,-0.5560247849315515,0.0089444774573987
-0.9482297363149004,-0.1282489494114655,-0.5398513263597089,0.0042076927982872
0.6179692456826105,2.0337090410774583,-0.5138230624254255,-0.0035509184366787
0.6129239992806248,1.869293024607944,-0.4704926550521977,0.0045717419691555
0.0997319888144119,1.573891767205848,-0.4156898343305937,0.0194711584032281
0.6488638407763144,1.5268272850792497,-0.343697806912339,0.0101907498518494
1.708546395986417,1.7983735347032233,-0.2316532855133032,0.0171930063093654
1.1457837927573686,0.2096622728805903,-0.0754929027521793,0.0023765300730598
1.7912272772415962,1.6392940621879126,0.1408341542846065,-0.0100190045693521
0.5906964805574906,0.4805133502561937,0.4042943034853014,0.0011428207809731
-1.0846940852252045,0.9347162108163496,0.671451579589483,-0.0093604720962767
0.0858532267037376,0.4616143033591123,0.9393843689970628,0.0076352738029485
-0.4216074760589517,-0.0697106742153759,1.1957330285050245,0.0072796228371021
0.7727906264400197,2.4121909614376342,1.4623057589144597,0.0183884648760301
0.9256070474349398,1.3525098176510022,1.7577643871063315,-0.0077313391536383
1.943035104232564,1.0605818112229108,2.1139929725438487,0.0052143861986304
-1.0270857331548775,2.3260863230615514,2.4575472911702687,0.0201309697517142
0.3764339852798226,1.1388545686548244,2.766064153892753,-0.0014288761808569
2.7242724046848825,1.797519795087502,3.083345605778458,0.0214759147013827
-0.340009545565948,-0.4501531674233344,3.338178733687377,-0.0028941136775947
2.2595823822432872,3.030820604708365,3.56340592311871,0.0089344676484155
-0.5281796392887037,-0.7760050862206415,3.699951336667376,-0.028281999937371
1.0938247698560908,0.1319532380964276,3.776639302025598,0.0078668095286236
-2.8137928086239667,1.5596772849542373,3.723901305821008,-0.0075147904411024
0.611351386881791,-0.5816841258511571,3.611236991891259,0.0077650527883217
-0.649671175757708,-0.5155955080630616,3.452143719751381,-0.004283668265139
0.7993126379983722,-0.918559161884019,3.288408204201996,-0.0044474071726491
-0.655980841889256,-0.8642374369530578,3.111326416048714,0.0098809290171488
-0.6600642201401538,-0.7425770010674235,2.9184681285580494,-0.0036401238453628
1.426308497797954,1.0095392095669564,2.7498047165887347,0.0044865541495577
-0.6601554070624603,-0.2341638022059957,2.5858090033779324,-0.0053114808553107
0.3134200249947887,-0.2028713079557003,2.433679217868172,0.0008083994987271
-0.343218188779461,-0.9673430904175064,2.2854009271845177,-0.0042598781261763
-0.173340658457494,0.0032549664743754,2.139500990308246,-0.0101554879194127
-0.1795806706782972,-0.5924299424356593,1.995417043363123,0.0042887623956835
-0.9974661608276412,-0.1804695253630624,1.8391561119493285,0.008940205878825
-0.0070568061646233,-0.2234980361320045,1.6802571400538322,-0.00099669487893
0.8168712636225582,-0.6934824091161874,1.538481191338935,-0.0164799823066443
-0.0125576046792822,-0.8063554782942154,1.4111112683816958,0.0037566779798734
-1.303830154390307,-0.4126633306219865,1.2741678821905256,0.0143041409736865
0.3369123646054757,0.1825021320556797,1.1414658824137542,-0.0097500526286004
1.142796151022344,-0.4635735528939909,1.0350543813728303,0.0003377993350408
-0.9730496656129874,1.684939634780483,0.9317925953495664,0.0158602294292142
0.3314578218100918,-0.1493853398437098,0.839466118162258,0.0008198955185974
1.4503596628964377,-1.0702563649100487,0.7814806508928346,0.0041422264967474
0.3171781015493677,-0.4259593182180641,0.7515399969673549,-0.0054870663250761
-0.0084247427888393,0.0382613522288506,0.7388089940034449,0.0099018688560688
-0.6474544907402425,0.0636649520763183,0.7248294903351833,0.0100766662345588
1.5808514156727835,-0.6228989062176065,0.7361165393739765,-0.0080428966313454
0.6007359466106361,0.1139055930295599,0.7711490473839032,0.0096265064397884
-0.6627622058720025,-0.2563028146742855,0.8057906337904838,-0.0018939909270179
0.7463800051151853,0.9724325169433248,0.8491615842692755,-0.0031814551102432
-0.3523698443953824,-0.7976841805903542,0.8874920108022255,-0.0019656259856826
0.1350867608000334,0.588488048245585,0.9207338170465548,-0.0169057596626397
-0.5044330133079229,-0.0844437091220428,0.938377660175466,0.0265431729769722
-1.7564315973337925,1.029773645888438,0.913802689479798,-0.0054944393001188
2.623086899454276,1.4885604089017168,0.906887097383413,0.0095515765878384
-0.6435781932078634,0.2144780230949474,0.8980362964310004,-0.0013483226825263
1.1983955700672528,1.0400093197977556,0.906321225122109,0.0044533615462094
-0.2243719434313912,0.7840252698590002,0.9190072387771612,-0.0085444410319766
0.0832545345837304,0.8079481210454236,0.933185420593216,0.0069951650486761
-0.8540297452399048,1.127867607791292,0.9314941168047284,0.0018170580039853
0.7394571191079142,0.6676021339073549,0.9301514128490038,0.0091075447128918
0.2586363628374131,-0.1028352718937247,0.9313081114004688,0.0014526001227068
0.729589241198703,-0.2743004569148694,0.9438085618022394,0.0030314763135956
0.0709231151345516,-0.1314221149062928,0.9619668965309226,0.0418871740171722
-0.090629988767638,2.567094928182025,0.9793574139063376,0.0207466720905102
3.841626827345986,3.310282700764181,1.06372483845218,-0.0075899161979022
2.0723555170010384,-0.113792289861316,1.2186878947163466,2.885887069092874e-05
-0.5515252155662271,0.2890197631303774,1.3948205430896314,-0.0008141836527238
-0.4007121142358773,-1.1297543437686357,1.5617510723506771,0.0190841499663296
-0.1167694697945072,-0.4983070922902451,1.7056542890127513,0.0043099939057831
1.86391139438732,0.582024017385339,1.853161648863877,-0.0106275813475803
0.1484880816571959,0.2619797266929272,1.9890358440935527,0.0022293686743317
-1.241787532829771,-0.2310234715048345,2.0807944855835414,0.0177671450670457
0.0110442450926989,-0.1992730185436257,2.1340045910982446,0.0162824148198732
1.6623047517599467,0.8718031418332701,2.181892027982826,0.0209828676099268
1.7482524235241248,0.8143895578920782,2.2448935449936265,0.0118702979429137
1.9286333730574683,1.558522338754365,2.336318673178311,0.0136637667694301
1.0973786124151248,0.1712900954499295,2.446576971837579,0.0014423532245513
1.1969782509485931,1.3027706715097604,2.5685367759802458,-0.0080352804233306
-0.3079215077467352,0.0773394831992091,2.6710614895941225,0.0120639696870314
-1.1694929598215262,0.8263697217364948,2.725015633013132,-0.0007354556884024
1.0605113985674326,-0.330963530220231,2.7532394746633293,-0.0042968316066762
-0.185171327920894,-0.9606532358609792,2.7517556207430185,-0.0117163733617347
-0.8035215313925435,-0.1430699339490796,2.71276982821796,-0.0124163612130269
-1.2918588625441212,0.5059564216433807,2.629308463387837,-0.0047768869976891
-0.9305293835327804,0.1882376076880187,2.5070949752382314,0.0056349776164044
-0.9231901758614138,0.6607832323174552,2.3525833281829067,-0.0075288136865876
0.3320406491644797,-1.1182369114883557,2.18808058311063,-0.001817899071561
-0.5543728872685444,-0.9285285268150548,2.015645258626799,0.0061376150680501
-0.6989789517088097,-1.0916132400678429,1.835620855024453,-0.020100487769184
0.5716491606123959,1.1505763726356062,1.6648014591969134,-0.0055410120268499
-2.2129569007928698,1.9688525829310484,1.4776614052557346,-3.4434772768099364e-05
-0.6935364928700396,0.4172403861091366,1.2789083500984002,0.006515194068341
0.0885655274739427,-1.0399086310044152,1.0815575509800976,-0.0054584501614818
-0.0444751536490413,0.7751515037456067,0.8921036402730775,-0.0017679612989977
-0.6879338991002155,0.4573956008934099,0.706344939505391,0.0166110035656874
-0.3103857225163349,-0.112888162917809,0.5266185550021532,-0.003927574720782
1.5006094753483885,0.5875023626610255,0.3774540837257629,-0.0030601324962232
-0.4561532157990374,-0.8252261371014643,0.2483487228134905,-0.004016596558804
-0.5851780617462382,-0.6383645833974041,0.1301570246949987,0.0066344602983554
-0.459779741147461,1.1270628403950027,0.0183027578745743,0.0001262316296637
0.4493696976117264,0.0871294069276858,-0.0782460939329606,0.0039906841854735
-0.0710548557862889,-0.9873937249674858,-0.1611446228078547,-0.0018989707321307
-0.072312440042565,0.8029433245011498,-0.2319353844999802,0.0083719461780205
-0.0763948163012492,-0.5211458987079538,-0.2920890361692823,0.03278335277343
0.4386020947077859,-0.9532632310580764,-0.3356355047940282,-0.0005342210961103
2.884930788833335,2.22031415479175,-0.3225664192897707,0.0006321870779932
-0.2231296488973539,-1.2001865796701925,-0.2756345831317486,-0.0221403844596353
-0.584602025249914,-0.0304680717340685,-0.2169367265647842,0.0099459726060975
-2.0998914613473207,2.303900438403688,-0.1861840252878591,0.0253971737781335
0.8812966558180818,1.670255157080294,-0.1601304690875179,0.0077723729661409
2.247457765203273,1.7805124026740065,-0.0998974006478688,-0.0097295075861424
0.3410189952747843,-0.5647339003911727,-0.0134848842647609,0.0315753108356717
-1.2492264954285182,0.5044250210325847,0.0646081411755473,0.0061566393718561
2.456923242977573,1.9910939690801976,0.1788266745886285,-0.0053647028202714
0.1830369085962543,-0.808870437704079,0.3153623914479487,0.0210783905114677
-0.4761357689918173,-0.1528845907304027,0.4515386378098253,0.0053837943542356
1.6773599719707448,0.7968287160720416,0.6143178430102809,-0.0010562840215078
0.2661737073670306,0.7329435648565513,0.7919747036728619,-0.0221897131706787
-0.6936621789728239,-0.206939531184628,0.9563014134403242,0.0020976879868066
-1.823743642520439,1.0135969636331676,1.065502012879803,-0.0011806428517681
-0.1394091738645176,-0.886889407236684,1.1300307608706657,-0.0058975989023897
-0.6687757370839158,-0.395909166714058,1.1477167178810772,-0.0264302147463667
-0.5567111219058506,1.6866946909802758,1.1215544312170196,0.0276465002430816
-2.212379806526612,1.777462476508656,1.019222201901909,-0.0180642244631896
1.922080513150337,1.903381739088612,0.9122993923300252,0.0016591286170011
-1.6365332712226088,0.778729644988911,0.7687525067642669,0.0219682001111019
-0.0794582820515266,-0.7698354485919096,0.6051242175254514,-0.0127513503300741
1.573058447438811,2.127600446526898,0.4716128090079296,-0.0076596304193942
-1.2156631542719156,1.0288395529981549,0.334877459779186,-0.0190910913971255
-1.1166307235593849,0.2225540649159132,0.176262210517098,0.007486312959396
-1.6127849121654247,1.927773250594407,-0.0269155180116356,0.0110293738545608
0.5586546371292808,-0.3097494156166779,-0.2346802891850217,0.0194894478303915
0.5615287953756721,-0.3041332891318097,-0.4201314630720717,0.0052872054223107
1.3573089275265782,0.835858294115211,-0.5471446388627876,-0.0023938205247581
0.3159012231539814,-0.2299238688503011,-0.6206626943462613,-0.0002844923211184
-0.0732800402379131,-0.6363495851225505,-0.6561512892809211,0.0206981593418005
-0.3796263294896126,-0.6514331081036284,-0.6729364383718481,0.0139075707358791
1.563733030678741,1.444720096015426,-0.6369262449538936,0.0203007257263962
0.9126043468511242,0.2187638126322501,-0.5451672649647198,-0.0144425753523083
1.4733311421374118,0.0754649469783879,-0.3842374971076623,0.0076265134666839
-1.2836059977398202,0.6279739733319027,-0.2193819991522244,0.0031084280845488
0.2898524982444104,1.1179989212124564,-0.0521173479067671,-0.0010317889930133
0.2790005863674494,-1.209392424119584,0.1158718674285789,-0.0099685530853442
-0.3071032695278056,0.3691042056019031,0.2681790165790192,-0.0001583473105979
-1.3761549298496751,-0.1800017664010126,0.3677279566914943,-0.0075185808852781
-0.2070133357947965,-0.956934294290629,0.4236803293968793,-0.0349231090345267
-0.7898030967963123,0.0442492067756921,0.4294450159415856,-0.0132946075044011
-2.681502985994247,2.489361447868582,0.3319943404122069,-0.003435470816408
-1.3547926964476509,1.755298302198936,0.1411657477728456,-0.0180944999909176
-0.5604386599840816,-0.4285440278266774,-0.1118513705530111,0.0057209959411714
-1.5538269671454483,0.9441250809873292,-0.4279138310105757,0.0034358100444866
0.5672221491442903,-0.12391705799246,-0.7504599107513409,0.0111956190917379
-0.1568125251093358,1.1138833550773253,-1.059118669359979,-0.0055993919369325
0.9511265782843308,0.4333291407654782,-1.3136780327180493,0.0132753767900881
-0.6560860053532968,-0.092107274621,-1.530177768126457,-0.029113198491788
1.037290240808608,1.0923452751776006,-1.679872046713809,0.0289209123946323
-2.544488739029544,2.308115076432524,-1.835896985056198,-0.0154128815357126
1.991350541852782,2.235214380569719,-1.9324171157029923,-0.0044100910680218
-1.2832604539326031,0.3792151565265833,-2.011377249468356,0.0261944214732363
-0.4391179472583962,0.6829482536056724,-2.078083752036719,0.0004996660057894
1.749274742736574,0.9453236702947704,-2.086598212058876,0.0140882576853196
-0.2460309303032979,-0.8761968790793314,-2.059601532105125,0.0553589901370679
0.9597499985718204,0.5892445722939542,-1.9854247300452263,0.0461354549793067
2.634856441456836,3.742551751579295,-1.7900443600313296,0.0387381275201412
2.539677245578097,1.480933551604846,-1.44932311957049,0.0019567956872317
2.4688207783972267,2.2985302182224667,-0.96331950808058,0.0262033492970887
0.0150773509253858,3.183505587482235,-0.4042465721053367,0.0414651554137583
1.673879906964551,3.476497904753806,0.2268156438998469,-0.057569802500373
2.332407230362916,3.2930818030695934,0.9416213359738892,0.0399598989166185
-2.2419396315841675,3.1406448006539995,1.525138909720258,-0.0143840301307002
2.2500576917149058,2.4361441377033373,2.053716177948213,0.0251374983003276
-1.1989967407727022,2.905667219067116,2.457626875814786,-0.0145022360151289
1.3364842736047848,0.513898121099484,2.7809948053163693,0.0092891374373349
-1.193490433726722,0.7433552575160879,2.9817712238985967,-0.0142579707225236
0.3572740135789156,0.622069993849412,3.093778366016453,-0.0102426994237401
-0.9977308311938796,0.9049277242633588,3.109757417147564,0.0022105786282302
-0.6750364421956718,1.1913201707202603,3.045837057519572,-0.001188868699615
-0.1500073685445186,0.1874393888802152,2.931397296727584,0.0066859572368673
-0.4167939920249877,0.5640439199144466,2.7807281321758883,-0.0071492621734826
0.113799092883559,-0.975642400409946,2.6163019152286155,-0.0057460525524345
-0.4767958607763778,-1.019748076878492,2.438454531913268,0.0011433781622642
-0.6020241900936415,-0.7022841244318331,2.245777767609588,-0.0077521961214025
-0.3366493567045467,-1.1761454782068896,2.0443475273051286,-0.0060183444376067
-0.6646819746238437,-1.096502455848668,1.831334590682284,-0.0090691779906765
-0.5217711295842704,-0.0534706409050093,1.6086542596343074,0.0068451818650661
-0.8524742288600909,0.8451295075486379,1.3713428917117774,0.0069322174151487
0.5252529631951472,0.0343511311180445,1.145579296634363,0.0098153804145697
0.1690429868447491,-0.7924245602740644,0.9401054677432416,-0.0161896419395146
0.3003288433163297,-0.6201746824494595,0.7625256468018369,0.0347688797290695
-0.9129113400040556,0.1340628829542517,0.5914593152741626,-0.0179949109789389
2.057962156387608,1.0962994074952164,0.4754876270735365,-0.0378737308209976
-1.5989856405193494,0.9494781665749203,0.3648847757012106,-0.0056498136141647
-2.079544378483194,2.127162818490282,0.2119937742408915,-0.0052389227509118
-0.5440512011538804,-0.4263168013950569,0.0292632838201956,0.004165669963106
-0.3316260421258996,-1.4312314305648275,-0.1690605351430553,-0.0138050269896269
0.0219350460962019,-0.702750560497584,-0.3653981025343077,0.0312175590185224
-0.8621712729809702,-0.2628058102104453,-0.5663253915790307,-0.0041848762840825
1.889109336380681,2.312649895474307,-0.719021687716116,-0.004171338317195
-0.3766029340760075,1.709849392919205,-0.8393448783066351,-0.0010447716950324
-0.6474717762711502,-0.715717620490059,-0.9442437531919966,-0.0251133608011197
-0.0364427749096867,-1.5131362731517444,-1.0321984652718137,-0.0205197617011672
-1.6967245239156208,0.320845503211609,-1.1374913167291318,-0.0001534479818423
-1.1106593512052392,1.3238936630566318,-1.2670238729779897,0.0144269496850237
-0.2286199239527731,-0.9313397727026708,-1.4046450344139376,0.0004545213847075
0.7383182834612421,0.6062457596267518,-1.5198910465332822,0.0015839618652397
-0.0358179807746861,-0.0183719896776593,-1.6099964488784797,0.003552436548196
0.034671583792162,-0.2516981213263106,-1.6732406065037166,0.0163802798679117
0.0994629078586082,-1.175454253685321,-1.70887739219515,0.0135311266105317
0.9758534729768212,0.2974751878158069,-1.7013516890078284,-0.0113997787376428
0.551732473510591,0.0880614749837193,-1.6525627971071764,0.0073151838435787
-0.8606206478590527,-0.8334903079457017,-1.5936460807560568,-0.0088141136259063
0.274188811660042,-0.9093881707591298,-1.5221634524009475,0.0188401768111103
-0.3967780949002433,-1.3981786393529725,-1.4504903857140736,-0.0163096178692324
0.807154884703365,-0.1562809070547255,-1.3635232507880806,0.0184974174211338
-1.24792918222855,-0.1763702793015397,-1.2924265993790196,-0.0173144511190473
1.1304878063907653,-0.1490535104506066,-1.210115214602219,-0.0048672681329624
-1.1648093338939594,0.0507558643963477,-1.1446440785044651,-0.0104215324534614
-0.2532342624326594,-1.206847679469131,-1.0947222900542946,-0.0006001860202187
-0.8465247957436377,-0.2006776326949438,-1.0699264210678163,-0.0007618697459318
-0.0507865889715936,-0.4871011732156723,-1.0598830731198643,0.0065683142258721
-0.1812118215648518,-0.9826724689356364,-1.0598184888196198,0.0378950247339184
0.2200249924892708,-0.6152055173325122,-1.0588880187998548,0.0247900866542456
2.161256146947083,2.3317615726414687,-1.014125009241216,0.0210630326221004
1.114390176662809,0.4152028474739449,-0.9202487348903838,-0.0014121808372512
1.196600530131894,0.2141243390712337,-0.7743912103135614,0.0034196706723099
-0.1940454775174931,-0.2443123546833036,-0.6053279877301562,0.0069100706674716
-0.0130394385109238,-0.2445831382895039,-0.4287747522025191,-0.0173856136138804
0.5241008669602859,-0.871753597719253,-0.2444247729557386,-0.0120646029410136
-1.2231649891810883,0.0979166100730148,-0.0886031523818849,-0.0079665732694557
-1.102397677209926,1.3376170576586002,0.0196575662344293,0.0072110022722746
-0.5491653989615264,-0.4623315600627734,0.081958675310703,0.0124304809069253
0.4511291929992153,1.0618657418290565,0.1212203026051618,0.0049607955165811
0.6212800264106422,-0.92445390912321,0.1564239747258528,-0.0135290496022411
0.0733011139461652,-1.1045206377520806,0.188733453523128,-0.00464303638819
-0.7867737376247557,-0.6298180317848182,0.2018883159564118,-0.0109871850223739
-0.478911123265456,0.2156479011683953,0.1928906909246971,0.0143185863554771
-0.9070422117764362,0.6994477803911827,0.1527550744004838,0.0038349443412388
0.9311122742378514,-0.1192928234799434,0.1131317829172828,0.0026996655315247
0.2185489997240199,0.0517742388053223,0.0802750524539358,0.0014187943666486
-0.1054417326456321,-0.9589136208792788,0.0515026274946777,0.0111336006644748
0.2693052126481142,-0.2560958915077417,0.0323386773419227,0.0001230373149871
0.5090497471052633,-0.0940582304570104,0.030619452406948,-0.0341610331051315
-0.117541235307452,-0.3985469012489866,0.0379860085159338,0.0333963929318787
-1.9898578591917484,1.5046787305595262,0.0066901037904412,0.003112648456327
1.6614475613731896,0.6174835492067555,-0.0144011391819006,0.0266848260217891
0.3674659029163697,0.6741468142786533,-0.0200775481212067,-0.0195718458508036
1.4442804873446744,-0.0149145488067476,0.0142427796652332,-0.0028532481291589
-1.5351947202800236,0.2020988099486323,0.0401026869615731,-0.0043806977664386
-0.0026282599007889,-0.5230247518814972,0.0596593456760044,-0.0107724509943802
-0.6711261693358895,-1.2709449576603735,0.060881518422427,0.0040243619353073
-0.5616486726218881,-0.345382338722128,0.0396040226055704,0.0113334341169846
0.0575963801017993,-0.7921759790634716,0.0069193396137434,-0.0124030842225315
0.5498310657346747,-0.6685648726956769,-0.0196507452169092,0.0125996389860234
-0.7269962461147891,-0.8839989736793017,-0.0552343958113305,-0.0149981686402066
0.5008252852699699,-0.86359131815099,-0.0839504215432547,0.0244602620653089
-0.9615223748474432,-0.0869595975698286,-0.1258239355515637,-0.0058202824034631
1.29031066289252,1.2165795504609218,-0.146860236096854,-0.0061665779630696
-0.4693843656705375,-1.198932522682301,-0.1626152062757548,-0.0107676913297877
-0.4022830414225263,-0.7900645539483431,-0.1816689312377252,-0.0067878701850628
-0.6957582305809547,-0.3951491395190953,-0.215115509889218,-0.0075921968950066
-0.5817247388390933,-1.304759332686959,-0.2666066760581597,0.0059207956731557
-0.7626682924514617,-0.6940478960650157,-0.3408906042003554,0.0057200655471334
0.4250388464012855,-0.4438358863127296,-0.4159533182067814,-0.00910120342745
0.2922192867293,-1.0664165570459003,-0.4803694165779632,-0.0011333143727972
-0.5215804100319799,-1.3208859495863452,-0.5435586139493599,-0.0037437401194733
-0.210331769285629,-0.9072228492653556,-0.605063387576738,0.0136344009530111
-0.4001004775126744,-1.7318442775516314,-0.6681915154086715,-0.0107916225770193
0.848768170128443,-0.4540029138725079,-0.7104748335808627,-0.000920698430561
-0.8696624523968132,-0.9498674774046224,-0.7521621101583574,-0.0031741287183141
-0.0518159904790067,-0.9880280012348708,-0.7898830287157003,0.0048763535622726
-0.3802270858529712,-1.0389152964128872,-0.8279456292116877,-0.0028657543894571
0.0091575860036188,-1.5797238533481457,-0.8616349415303504,0.0115294294637999
-0.1199001388788588,-0.6902385913815344,-0.8907024104870035,0.0217321787699706
0.5265763289310772,-1.3968053557226476,-0.9031013813246116,0.0187993374632822
1.1392216165694735,0.409346982770797,-0.880528476571734,0.0015741550084316
0.9864281649476846,0.4505430514299501,-0.8159485743346678,0.0013541339794818
0.0952741482463519,-0.8036044624254527,-0.7245134551472522,-0.0003928968443228
-0.0781032148591063,-1.3794612930241132,-0.6203389002557396,-0.0172662167374764
-0.0870778634293526,-1.4400088728232765,-0.5132106098442476,0.0108614549699577
-1.326927251094603,0.4427133849151837,-0.4338644331129282,0.0002007255787532
0.7604543083314356,-0.3488661151243609,-0.3599969400794471,-0.012595029953377
-0.1366362095735064,-0.6062832038577028,-0.2946106779511048,0.0123815131978128
-1.0040718423406183,-0.7275473051744088,-0.2564145287912766,-0.0145842500474845
0.4162667405171275,-0.309242195211826,-0.2282538309130995,-0.0010298117269966
-0.812670682645392,-0.5948699589825046,-0.2219506323846896,-0.0090734584607204
-0.1306639842278975,0.3478539250098322,-0.231015496642915,0.0154012179262252
-0.606845939583631,0.1040646240930197,-0.2592075518847712,-0.0031720804103785
0.727935773608621,0.2077034171438304,-0.2840365155519361,-0.0822422722964654
0.1174407679506715,-0.2287499232062411,-0.3027056364637338,0.064469660232324
-2.2360089377633097,2.9443463198640947,-0.4201061956391146,-0.023028965524986
2.7404134435755942,2.9020530954951496,-0.525097268332447,-0.0014695870946689
-1.417667767765218,1.2351691208213798,-0.6416220627388309,0.0109478604174655
-0.0839290465997795,0.750052681855032,-0.7620414201388249,0.0086161005197527
0.5117122654890872,-0.2273648301295225,-0.8713676879404783,0.0308363098230535
0.8082894891896939,-0.1732438039081649,-0.9552068330045512,0.014766330770717
2.086428988126367,0.9519950573346216,-0.9801619527333096,0.0114085427037604
0.8677336139893672,0.5525346136849085,-0.9467143615564392,0.0076586176016226
0.9845007333149248,0.5669728517864229,-0.852660022795205,-0.0256295025720285
0.341817687099138,-0.4286061798002348,-0.7099546493016542,0.0165514416676961
-1.6850971963223338,1.0103843093038134,-0.57474240133541,-0.0043132722046811
0.9045299704754108,-0.6675581241105528,-0.4244396282527765,0.004902265456784
-0.3406782401794805,-0.7126398528455637,-0.2737155565287219,-0.0120339240650197
0.4081504248226698,-0.7681810758060109,-0.1133734315193048,0.0157224261827679
-1.086580080736936,-0.1931116451610244,0.0202024149850917,0.0069484448138665
0.951504059147574,-1.0357065291540013,0.1604483049234042,0.0117291414803815
0.5199188441331248,-0.3815861497249591,0.3185006265077545,0.0194097177892198
0.7819013413473388,1.833419603960736,0.5101928312611814,0.0191464771823088
1.2848053365568168,1.3584479608975784,0.7631334314772231,0.0228390990627604
1.1804322307160733,0.3823071579778966,1.0899746011927935,0.0146531147107158
1.505911262142957,1.0663769810307169,1.504139763382572,-0.0032900398024626
0.944866655378314,-0.109996053847463,1.9812591689173853,0.0284462282114945
-0.6842246554332435,1.07454333420995,2.4252303902391303,0.0052352042891568
2.1583014710596427,1.691126119996006,2.8705317031090964,0.0121999091154891
0.255015538226698,-0.6371022940638194,3.2542946341275,-0.0137068025292401
0.6660304034632063,0.0906289191244319,3.556209099296938,-0.0093906260781788
-1.293739745342085,0.4945641177231378,3.7125743317065374,0.0263172302363052
-0.7733038117949593,-0.1146218841098127,3.7347739736243017,-0.0031984130776837
1.491508446650072,0.2254574942925227,3.7121941589788414,0.0142675013599224
-0.1691094530912213,-0.030828333899013,3.6480951457726776,-0.0144279814221431
0.7787171858490447,0.4889770036018069,3.5732467422340486,-0.0174117984906939
-1.3463938701239226,0.4490272561605525,3.452796397653413,0.0132697285980065
-1.2658502061188883,-0.2427128554743125,3.279979707718713,-8.081548410021622e-05
0.6674961303602605,-0.7691503405820844,3.0998744498929205,-0.0054245899016219
-0.0164806802832812,-0.7075671873235015,2.9217823261991285,0.017481020256888
-0.4939664171555357,-1.403324168348074,2.740534100354239,0.0166416910937361
0.7807110566303993,-0.5714456979521536,2.5797766120865706,-0.0105798795209024
1.054570309277269,0.7675059676327848,2.4569700267952985,-0.0097969051211241
-1.131085044046745,-1.0163598186493374,2.3349204964305046,-0.0001212870750357
-0.5383299775789034,-1.0197929386486455,2.204796320688808,-9.847316845112974e-05
-0.1745972420773063,-1.2075596312212655,2.0693053935997736,0.0030848864102428
-0.2420788914773228,-0.2129931426735654,1.9296750659065944,0.0048052495234327
0.1208997545233812,-0.5225010198488682,1.7940877735144,0.0069311961376081
-0.2428307040446375,-0.8765164306585532,1.6604644615569748,-0.0122700682411655
0.4834358240061809,-0.0675922250014221,1.5416445021862726,0.0213020288057643
-0.9066430159746668,-0.3356338736173399,1.4180651594633495,-0.0024055458369051
1.2716820122392476,0.8263409868655982,1.3204310805077804,0.0189064078677831
-0.4351154051208079,-0.599564808501517,1.2335348910456172,-0.0038447060917616
1.2284267664613673,0.3783942285464303,1.180519810202728,0.0255554706360805
-0.4490300724172172,-0.7623702515224209,1.1409616384343109,0.0183820765077182
1.4159087276843698,0.2615347784974639,1.1391754027147667,0.0028469467029643
1.4107735178955745,1.3934987473316394,1.1890287858322546,0.0117649795399876
-0.2339061737035816,0.7188569009973763,1.2616741861631864,0.0103132458640538
0.6309847385144867,0.0644183447962371,1.354884219923659,-0.0062931038471016
0.6865691122994722,0.942470319892821,1.4661980640448071,0.02884186776629
-0.5984250581579359,1.875618993101562,1.5653727010687195,0.0196515614245968
1.6317782396706368,3.1854440643023945,1.6799545875380149,0.0032372320856517
1.3983264373228572,0.9757129537265908,1.8203823874681653,0.0008693311281289
-0.1164046281881788,-0.3213940606515953,1.9582067473414944,0.0075164924180131
-0.3419463595779064,-1.3159381673423367,2.071766443715456,0.0
1.8701401356182497,0.2596675592335214,2.1799874898920915,-0.0079713239899122
-0.1631830708665887,-0.3578284240151055,2.118818652768125,-0.0053934860803089
-2.123028399985832,-0.3094206069920483,2.061564444327902,0.0071879855778953
-0.5444189533228331,-1.3241118133879273,2.00781092216874,-0.0291409229108241
-0.0728561941894335,-1.3839783480591603,1.957201921339745,0.0212616017027149
-2.2735969871594763,1.2154694418775047,1.909359408392873,-0.0119637643514484
1.400301277479522,0.4059545287647215,1.8639374364852923,-0.0056663387479058
-1.1578244816053307,0.721930723063102,1.8206123432127272,-0.0009415659591136
-0.4299504956731954,0.3013552917100374,1.7638894172077346,0.0031009046225345
-0.425510708085847,-0.9117343155965556,1.579522129819625,0.0003507131835698
-0.1115923813542259,-0.935439564931594,1.3950248899398217,-0.0172129595178807
-0.1090342256891761,-1.246787019495463,1.2162567559201551,0.0066553627525995
-1.4952005344830877,-0.3136611665044168,1.0219282462138142,-0.0244622907557424
0.3297056675816172,-0.1694065406106547,0.8324355125930564,0.0044719745715822
-1.6451234177492826,0.3295497896660396,0.6260576020407278,0.0013358270796393
-0.1394512029578347,-1.1324508479718096,0.4166009201824516,-0.0253441827213937
-0.1351805349551639,-0.6432571943555417,0.2133360314284261,0.0099323763018452
-1.756281855164845,0.7487767785827785,-0.0053432961138971,-0.0039991298281841
0.331491684610835,-0.6108352895465646,-0.2161494246332501,0.0039068218466333
-0.5732924921896039,-0.413808367107623,-0.4190227222991005,0.0176597462769396
0.4387828263325123,0.929139572626163,-0.5968998875615507,0.0452814444862674
0.9825197493642428,2.0227272966699226,-0.7308193725607439,0.0061773240529192
2.504374689604714,2.556764294348916,-0.773500062816225,0.0076715397331841
-0.0063749861187046,-0.6707634214441065,-0.7545346367501437,0.0
0.497365348010384,0.778807652777376,-0.6866243735982577,0.0
0.9938426063913164,-0.31940835146197,-0.5710767446199031,-0.0015827395235794
-1.1814979528376428,-0.3148015537024911,-0.4512900830107484,-0.0039973322332228
-0.6734723687609484,-0.298183753297481,-0.3452519060559363,0.0012793459919817
-0.5233201374787037,-0.6030469582197129,-0.2610372108728547,-0.0163233773626301
-0.0121782978967669,-0.9550998534152906,-0.1935381069970781,0.0014957320733697
-1.6462124646052771,0.8277261350722848,-0.168773284768144,0.0045176938130724
0.0429987929199635,-0.619110369150851,-0.1701309274122358,0.0020715316816717
0.0333434804219798,-1.2254515551239664,-0.1859657435885524,0.0024062955892798
-0.068587414236763,-0.3070483150985481,-0.2100345298689042,0.0103471160703296
0.0887089535106338,-0.368034386050417,-0.2350959017212113,0.0
0.5963438048638657,-0.8849796656644944,-0.2471327022621745,0.0
0.221899616303937,-0.446865995195856,-0.244634418158916,-0.012858448498768
-0.2444149308120691,-0.3313259222181947,-0.2360384962583395,0.0085884423526556
-1.642279997349097,-0.344505431995729,-0.2537665985219538,-0.0135714126746797
0.3377940962371498,1.832904503315956,-0.2795769471972336,-0.0142679889485821
